kernel_id,gpu_target,category,file_name,source_path,algorithm_name,variant,line_count,byte_size,source_sha256,has_flags,flags_path,flags,requires_rdc_from_flags,requires_rdc,uses_cooperative_groups,uses_atomic_ops,uses_cache_pool,uses_compact_graph,uses_cusparse,includes
a100/centrality/betweenness_centrality,a100,centrality,betweenness_centrality.cu,cpp/src/aai/impl/a100/centrality/betweenness_centrality.cu,betweenness_centrality,base,469,14311,eaaee7ebb70368cb6c4eee7110d44d12abb15ff467121f9e92b87153afc2ab09,True,cpp/src/aai/impl/a100/centrality/betweenness_centrality.cu.flags,--use_fast_math,False,False,False,True,True,True,False,cugraph/aai/algorithms.hpp;cuda_runtime.h;cstdint;cstddef;vector
a100/centrality/betweenness_centrality_mask,a100,centrality,betweenness_centrality_mask.cu,cpp/src/aai/impl/a100/centrality/betweenness_centrality_mask.cu,betweenness_centrality,mask,668,23019,caaf99ff3a6cc484716f9b841fddd3d167e0a8dab528d2fa2d9c699413b0331b,True,cpp/src/aai/impl/a100/centrality/betweenness_centrality_mask.cu.flags,--use_fast_math,False,False,False,True,True,True,False,cugraph/aai/algorithms.hpp;cuda_runtime.h;cstdint;vector
a100/centrality/betweenness_centrality_seg,a100,centrality,betweenness_centrality_seg.cu,cpp/src/aai/impl/a100/centrality/betweenness_centrality_seg.cu,betweenness_centrality,seg,380,12516,b7efdf7c3bc52cccb1293c23769c216007e2cc3f94e0659f89cb5fab20196608,True,cpp/src/aai/impl/a100/centrality/betweenness_centrality_seg.cu.flags,--use_fast_math,False,False,False,True,True,True,False,cugraph/aai/algorithms.hpp;cuda_runtime.h;cstdint;vector
a100/centrality/betweenness_centrality_seg_mask,a100,centrality,betweenness_centrality_seg_mask.cu,cpp/src/aai/impl/a100/centrality/betweenness_centrality_seg_mask.cu,betweenness_centrality,seg_mask,382,12049,c88d5076d08e67dbae01d1fcc00bc27e5169a3061f379eae9b72d427ef455432,True,cpp/src/aai/impl/a100/centrality/betweenness_centrality_seg_mask.cu.flags,--use_fast_math,False,False,False,True,True,True,False,cugraph/aai/algorithms.hpp;cuda_runtime.h;cstdint;cmath;vector;algorithm
a100/centrality/edge_betweenness_centrality,a100,centrality,edge_betweenness_centrality.cu,cpp/src/aai/impl/a100/centrality/edge_betweenness_centrality.cu,edge_betweenness_centrality,base,351,10176,70e85563f7d5ee46d4c6dc022f3a9be030f457119b07a0befbf0fe99de4bae06,True,cpp/src/aai/impl/a100/centrality/edge_betweenness_centrality.cu.flags,--use_fast_math,False,False,False,True,True,True,False,cugraph/aai/algorithms.hpp;cuda_runtime.h;cstdint;vector
a100/centrality/edge_betweenness_centrality_mask,a100,centrality,edge_betweenness_centrality_mask.cu,cpp/src/aai/impl/a100/centrality/edge_betweenness_centrality_mask.cu,edge_betweenness_centrality,mask,469,15390,b4ad3936e22b6717d0c78b05b1e234acbeef5b33af42e50ad57bcaf858e61739,True,cpp/src/aai/impl/a100/centrality/edge_betweenness_centrality_mask.cu.flags,--use_fast_math,False,False,False,True,True,True,False,cugraph/aai/algorithms.hpp;cuda_runtime.h;cstdint;vector
a100/centrality/edge_betweenness_centrality_seg,a100,centrality,edge_betweenness_centrality_seg.cu,cpp/src/aai/impl/a100/centrality/edge_betweenness_centrality_seg.cu,edge_betweenness_centrality,seg,363,11006,2aecb1f02b8c81b48a13bb3f56cd5edc9b39bf2627424d8f159abda7751fde6f,True,cpp/src/aai/impl/a100/centrality/edge_betweenness_centrality_seg.cu.flags,--use_fast_math,False,False,False,True,True,True,False,cugraph/aai/algorithms.hpp;cuda_runtime.h;cstdint;optional;vector
a100/centrality/edge_betweenness_centrality_seg_mask,a100,centrality,edge_betweenness_centrality_seg_mask.cu,cpp/src/aai/impl/a100/centrality/edge_betweenness_centrality_seg_mask.cu,edge_betweenness_centrality,seg_mask,440,14076,b838a68ab615c32d309a842d46189eafd7f8be4b56b8cd8763c81036adc7f2fa,True,cpp/src/aai/impl/a100/centrality/edge_betweenness_centrality_seg_mask.cu.flags,--use_fast_math,False,False,False,True,True,True,False,cugraph/aai/algorithms.hpp;cuda_runtime.h;cstdint;cstddef;vector;algorithm;thread
a100/centrality/eigenvector_centrality,a100,centrality,eigenvector_centrality.cu,cpp/src/aai/impl/a100/centrality/eigenvector_centrality.cu,eigenvector_centrality,base,287,8678,3349fb2fe7f9a3049ac3d056afa5f29fa53a10b09b76d4fd94cad952a76a563e,True,cpp/src/aai/impl/a100/centrality/eigenvector_centrality.cu.flags,--use_fast_math,False,False,False,True,True,True,True,cugraph/aai/algorithms.hpp;cuda_runtime.h;cusparse.h;cstdint;algorithm;cub/cub.cuh
a100/centrality/eigenvector_centrality_f32,a100,centrality,eigenvector_centrality_f32.cu,cpp/src/aai/impl/a100/centrality/eigenvector_centrality_f32.cu,eigenvector_centrality_f32,base,317,11343,2dadcdca92338395b313cb0bc2a56c7bcbb45c384f7b861b2d48da1da8ded2cb,True,cpp/src/aai/impl/a100/centrality/eigenvector_centrality_f32.cu.flags,--use_fast_math,False,False,False,True,True,True,True,cugraph/aai/algorithms.hpp;cuda_runtime.h;cusparse.h;cstdint;cmath
a100/centrality/eigenvector_centrality_f32_mask,a100,centrality,eigenvector_centrality_f32_mask.cu,cpp/src/aai/impl/a100/centrality/eigenvector_centrality_f32_mask.cu,eigenvector_centrality_f32,mask,405,12902,5019f1195b2c8330f6fdd2f8f593124b0e855706da88ceab0444308b319c2e17,True,cpp/src/aai/impl/a100/centrality/eigenvector_centrality_f32_mask.cu.flags,--use_fast_math,False,False,False,True,True,True,True,cugraph/aai/algorithms.hpp;cuda_runtime.h;cusparse.h;cub/cub.cuh;cstdint;algorithm;cmath;stdexcept;string
a100/centrality/eigenvector_centrality_f32_seg,a100,centrality,eigenvector_centrality_f32_seg.cu,cpp/src/aai/impl/a100/centrality/eigenvector_centrality_f32_seg.cu,eigenvector_centrality_f32,seg,392,12000,00d407d41f1b445e9213e567fd168a307a53a9e6d69399459b77f3dc4c8b4219,True,cpp/src/aai/impl/a100/centrality/eigenvector_centrality_f32_seg.cu.flags,--use_fast_math --maxrregcount=40 --rdc=true,True,True,True,False,True,True,False,cugraph/aai/algorithms.hpp;cuda_runtime.h;cooperative_groups.h;cstdint;algorithm;climits
a100/centrality/eigenvector_centrality_f32_seg_mask,a100,centrality,eigenvector_centrality_f32_seg_mask.cu,cpp/src/aai/impl/a100/centrality/eigenvector_centrality_f32_seg_mask.cu,eigenvector_centrality_f32,seg_mask,366,10427,2c43964e17b0ba512b48c52e6bad6f15ecbaca2e3943becf93cac1015b797f45,True,cpp/src/aai/impl/a100/centrality/eigenvector_centrality_f32_seg_mask.cu.flags,--use_fast_math,False,False,False,True,True,True,False,cugraph/aai/algorithms.hpp;cuda_runtime.h;cub/cub.cuh;cstdint;cmath;algorithm
a100/centrality/eigenvector_centrality_f64,a100,centrality,eigenvector_centrality_f64.cu,cpp/src/aai/impl/a100/centrality/eigenvector_centrality_f64.cu,eigenvector_centrality_f64,base,237,7646,b3e4b0361f825963e6ee1583bb65cf5d9f944a44aca69b079ad5426148603a8c,False,,,False,False,False,True,True,True,True,cugraph/aai/algorithms.hpp;cuda_runtime.h;cusparse.h;cub/cub.cuh;cstdint
a100/centrality/eigenvector_centrality_f64_mask,a100,centrality,eigenvector_centrality_f64_mask.cu,cpp/src/aai/impl/a100/centrality/eigenvector_centrality_f64_mask.cu,eigenvector_centrality_f64,mask,400,13477,aa1c759feb9e7d889b5954d13486e24084e6c9347047b9852d42a4ff2e9df0e1,True,cpp/src/aai/impl/a100/centrality/eigenvector_centrality_f64_mask.cu.flags,--use_fast_math,False,False,False,True,True,True,True,cugraph/aai/algorithms.hpp;cuda_runtime.h;cusparse.h;cub/cub.cuh;cstdint;cmath
a100/centrality/eigenvector_centrality_f64_seg,a100,centrality,eigenvector_centrality_f64_seg.cu,cpp/src/aai/impl/a100/centrality/eigenvector_centrality_f64_seg.cu,eigenvector_centrality_f64,seg,312,8822,ca8b20210237d0cf24abdd18898c4211b611b61870e3d08f1b9fe18be216fca3,True,cpp/src/aai/impl/a100/centrality/eigenvector_centrality_f64_seg.cu.flags,--use_fast_math,False,False,False,True,True,True,True,cugraph/aai/algorithms.hpp;cuda_runtime.h;cusparse.h;cstdint;algorithm
a100/centrality/eigenvector_centrality_f64_seg_mask,a100,centrality,eigenvector_centrality_f64_seg_mask.cu,cpp/src/aai/impl/a100/centrality/eigenvector_centrality_f64_seg_mask.cu,eigenvector_centrality_f64,seg_mask,391,12482,b88796e0babdd357ce2309fe0cf2bfe709e4fc72459b33ed9818fa3de07bfc43,True,cpp/src/aai/impl/a100/centrality/eigenvector_centrality_f64_seg_mask.cu.flags,--use_fast_math --rdc=true,True,True,True,True,True,True,False,cugraph/aai/algorithms.hpp;cuda_runtime.h;cooperative_groups.h;cstdint;cstddef;cstring;math.h
a100/centrality/eigenvector_centrality_mask,a100,centrality,eigenvector_centrality_mask.cu,cpp/src/aai/impl/a100/centrality/eigenvector_centrality_mask.cu,eigenvector_centrality,mask,414,14657,31ddc0be70fc4a5fec611063cbfbbd9d71dac1bbe4a2f65e69735762e9b04af6,True,cpp/src/aai/impl/a100/centrality/eigenvector_centrality_mask.cu.flags,--use_fast_math,False,False,False,True,True,True,True,cugraph/aai/algorithms.hpp;cuda_runtime.h;cusparse.h;cub/cub.cuh;cstdint;algorithm
a100/centrality/eigenvector_centrality_seg,a100,centrality,eigenvector_centrality_seg.cu,cpp/src/aai/impl/a100/centrality/eigenvector_centrality_seg.cu,eigenvector_centrality,seg,335,9288,d835adfa9a2e745b999a3b0c015cd568162a5ac0f3c8d62dbd83a2d72487af6d,True,cpp/src/aai/impl/a100/centrality/eigenvector_centrality_seg.cu.flags,--use_fast_math,False,False,False,True,True,True,False,cugraph/aai/algorithms.hpp;cuda_runtime.h;cstdint;cub/block/block_reduce.cuh
a100/centrality/eigenvector_centrality_seg_mask,a100,centrality,eigenvector_centrality_seg_mask.cu,cpp/src/aai/impl/a100/centrality/eigenvector_centrality_seg_mask.cu,eigenvector_centrality,seg_mask,386,10751,cb6fbf6e982df46941d68429fa1dfee3fa5524151918e24804bb44de1f99bbaf,True,cpp/src/aai/impl/a100/centrality/eigenvector_centrality_seg_mask.cu.flags,--use_fast_math,False,False,False,True,True,True,False,cugraph/aai/algorithms.hpp;cuda_runtime.h;cub/cub.cuh;cstdint;cstddef;cmath
a100/centrality/katz_centrality,a100,centrality,katz_centrality.cu,cpp/src/aai/impl/a100/centrality/katz_centrality.cu,katz_centrality,base,380,11577,b72554fbce14b28bf91d147c79e0d5e67d9cdaf6c030f8665b90fe963eedb1aa,True,cpp/src/aai/impl/a100/centrality/katz_centrality.cu.flags,--use_fast_math,False,False,False,True,True,True,False,cugraph/aai/algorithms.hpp;cuda_runtime.h;cub/cub.cuh;cstdint;cmath
a100/centrality/katz_centrality_f32,a100,centrality,katz_centrality_f32.cu,cpp/src/aai/impl/a100/centrality/katz_centrality_f32.cu,katz_centrality_f32,base,296,9324,901267c1e01e6b7386e3180e34fcd40135aee2191fd5f14525fc82443c89b1f5,True,cpp/src/aai/impl/a100/centrality/katz_centrality_f32.cu.flags,--use_fast_math,False,False,False,True,True,True,True,cugraph/aai/algorithms.hpp;cuda_runtime.h;cusparse.h;cstdint;cmath;utility
a100/centrality/katz_centrality_f32_mask,a100,centrality,katz_centrality_f32_mask.cu,cpp/src/aai/impl/a100/centrality/katz_centrality_f32_mask.cu,katz_centrality_f32,mask,348,10132,651e6b16c3af8f7e35fd073c54b2b60cbf06170fef246f664878e2a661ad8dd9,True,cpp/src/aai/impl/a100/centrality/katz_centrality_f32_mask.cu.flags,--use_fast_math,False,False,False,True,True,True,False,cugraph/aai/algorithms.hpp;cuda_runtime.h;cstdint;cstddef
a100/centrality/katz_centrality_f32_seg,a100,centrality,katz_centrality_f32_seg.cu,cpp/src/aai/impl/a100/centrality/katz_centrality_f32_seg.cu,katz_centrality_f32,seg,331,9888,411017c714e36fbbb4c0fa3121c8e3a689bf9afa8e3411c50280a346b5de2c54,True,cpp/src/aai/impl/a100/centrality/katz_centrality_f32_seg.cu.flags,--use_fast_math,False,False,False,True,True,True,False,cugraph/aai/algorithms.hpp;cuda_runtime.h;cub/block/block_reduce.cuh;cstdint;utility
a100/centrality/katz_centrality_f32_seg_mask,a100,centrality,katz_centrality_f32_seg_mask.cu,cpp/src/aai/impl/a100/centrality/katz_centrality_f32_seg_mask.cu,katz_centrality_f32,seg_mask,395,11120,2c02cbd964bf50fb9a2f06b3428b6537abe28880ef6412771126460f5ec01bf1,True,cpp/src/aai/impl/a100/centrality/katz_centrality_f32_seg_mask.cu.flags,--use_fast_math,False,False,False,True,True,True,False,cugraph/aai/algorithms.hpp;cuda_runtime.h;cstdint;cstddef;utility
a100/centrality/katz_centrality_f64,a100,centrality,katz_centrality_f64.cu,cpp/src/aai/impl/a100/centrality/katz_centrality_f64.cu,katz_centrality_f64,base,281,8865,ba1e2575ee6a18b36548e8884e2cede93993149f10882b3ef2546f4ddbb082a1,True,cpp/src/aai/impl/a100/centrality/katz_centrality_f64.cu.flags,--use_fast_math,False,False,False,True,True,True,True,cugraph/aai/algorithms.hpp;cuda_runtime.h;cusparse.h;cub/cub.cuh;cstdint;cmath;algorithm
a100/centrality/katz_centrality_f64_mask,a100,centrality,katz_centrality_f64_mask.cu,cpp/src/aai/impl/a100/centrality/katz_centrality_f64_mask.cu,katz_centrality_f64,mask,289,8464,4f66cfa9f7d5aee222566714c65b03789c64f2298a61e88186fc4a9405fdd922,False,,,False,False,False,True,True,True,False,cugraph/aai/algorithms.hpp;cuda_runtime.h;cub/cub.cuh;cstdint;cstddef;algorithm;cmath
a100/centrality/katz_centrality_f64_seg,a100,centrality,katz_centrality_f64_seg.cu,cpp/src/aai/impl/a100/centrality/katz_centrality_f64_seg.cu,katz_centrality_f64,seg,248,6854,f03a86ad42fc9397367a943417b9943f21f38b72a9d84ad5abf9f85c2225d9db,True,cpp/src/aai/impl/a100/centrality/katz_centrality_f64_seg.cu.flags,--use_fast_math,False,False,False,True,True,True,True,cugraph/aai/algorithms.hpp;cuda_runtime.h;cusparse.h;cub/cub.cuh;cstdint;cmath
a100/centrality/katz_centrality_f64_seg_mask,a100,centrality,katz_centrality_f64_seg_mask.cu,cpp/src/aai/impl/a100/centrality/katz_centrality_f64_seg_mask.cu,katz_centrality_f64,seg_mask,465,13769,9ebcc5cca5d3f9f5858e33a6740efd901e690952db534505a67fb45c11e56067,False,,,False,False,False,True,True,True,False,cugraph/aai/algorithms.hpp;cuda_runtime.h;cub/cub.cuh;cstdint;cstddef
a100/centrality/katz_centrality_mask,a100,centrality,katz_centrality_mask.cu,cpp/src/aai/impl/a100/centrality/katz_centrality_mask.cu,katz_centrality,mask,446,14327,ca451e68c6217117c850f61499ce912a9804ffacb5a6087bc7039c9084261037,True,cpp/src/aai/impl/a100/centrality/katz_centrality_mask.cu.flags,--use_fast_math,False,False,False,True,True,True,False,cugraph/aai/algorithms.hpp;cuda_runtime.h;cub/cub.cuh;cstdint;cstddef;cmath
a100/centrality/katz_centrality_seg,a100,centrality,katz_centrality_seg.cu,cpp/src/aai/impl/a100/centrality/katz_centrality_seg.cu,katz_centrality,seg,398,10999,b4578be5986e156fc03feefe1074b01f7926af3002f1b2244454190182cc143a,True,cpp/src/aai/impl/a100/centrality/katz_centrality_seg.cu.flags,--use_fast_math,False,False,False,True,True,True,False,cugraph/aai/algorithms.hpp;cuda_runtime.h;cstdint;cstddef;cmath
a100/centrality/katz_centrality_seg_mask,a100,centrality,katz_centrality_seg_mask.cu,cpp/src/aai/impl/a100/centrality/katz_centrality_seg_mask.cu,katz_centrality,seg_mask,471,15085,70cfceb689d7145f69209621641cc9f88e6f9a77d36e4281cd58aa4034b28aba,True,cpp/src/aai/impl/a100/centrality/katz_centrality_seg_mask.cu.flags,--use_fast_math,False,False,False,True,True,True,False,cugraph/aai/algorithms.hpp;cuda_runtime.h;cstdint;cmath;utility
a100/community/analyze_clustering_edge_cut_f32,a100,community,analyze_clustering_edge_cut_f32.cu,cpp/src/aai/impl/a100/community/analyze_clustering_edge_cut_f32.cu,analyze_clustering_edge_cut_f32,base,295,10338,593750f9121ad5d74020ecf708f1359f20e4453725ee678436d76c2763c363e9,True,cpp/src/aai/impl/a100/community/analyze_clustering_edge_cut_f32.cu.flags,--use_fast_math,False,False,False,True,True,True,False,cugraph/aai/algorithms.hpp;cuda_runtime.h;cstdint
a100/community/analyze_clustering_edge_cut_f32_seg,a100,community,analyze_clustering_edge_cut_f32_seg.cu,cpp/src/aai/impl/a100/community/analyze_clustering_edge_cut_f32_seg.cu,analyze_clustering_edge_cut_f32,seg,204,6062,44dbe62b794c05d3af2c5a0d577902bea3bc73d53716fb4b9f8ddfe72ceb7e75,True,cpp/src/aai/impl/a100/community/analyze_clustering_edge_cut_f32_seg.cu.flags,--use_fast_math,False,False,False,True,True,True,False,cugraph/aai/algorithms.hpp;cuda_runtime.h;cub/cub.cuh;cstdint
a100/community/analyze_clustering_edge_cut_f64,a100,community,analyze_clustering_edge_cut_f64.cu,cpp/src/aai/impl/a100/community/analyze_clustering_edge_cut_f64.cu,analyze_clustering_edge_cut_f64,base,118,3669,8c78892d336d8667a5097668aa69b0a2749f7e52d95200d6421f0ffc354cb30f,True,cpp/src/aai/impl/a100/community/analyze_clustering_edge_cut_f64.cu.flags,--use_fast_math,False,False,False,True,True,True,False,cugraph/aai/algorithms.hpp;cuda_runtime.h;cstdint;cub/block/block_reduce.cuh
a100/community/analyze_clustering_edge_cut_f64_seg,a100,community,analyze_clustering_edge_cut_f64_seg.cu,cpp/src/aai/impl/a100/community/analyze_clustering_edge_cut_f64_seg.cu,analyze_clustering_edge_cut_f64,seg,234,6962,bb6fe2013fa7fd8c47a50984ec03bea696c1cd17b66a06a0c6a97c645ee0fb18,True,cpp/src/aai/impl/a100/community/analyze_clustering_edge_cut_f64_seg.cu.flags,--use_fast_math,False,False,False,True,True,True,False,cugraph/aai/algorithms.hpp;cuda_runtime.h;cub/cub.cuh;cstdint
a100/community/analyze_clustering_modularity_f32,a100,community,analyze_clustering_modularity_f32.cu,cpp/src/aai/impl/a100/community/analyze_clustering_modularity_f32.cu,analyze_clustering_modularity_f32,base,945,32900,ff051a64dd6e81dd4aa10453ed22ac937530adaa7f98d52dc7011d2909667e26,True,cpp/src/aai/impl/a100/community/analyze_clustering_modularity_f32.cu.flags,--use_fast_math,False,False,False,True,True,True,False,cugraph/aai/algorithms.hpp;cuda_runtime.h;cstdint
a100/community/analyze_clustering_modularity_f32_seg,a100,community,analyze_clustering_modularity_f32_seg.cu,cpp/src/aai/impl/a100/community/analyze_clustering_modularity_f32_seg.cu,analyze_clustering_modularity_f32,seg,445,13834,049a44d1a3bedb646d8b2a3ff3ab4d4d443636aaae01f265a2bda1ee49da6e49,True,cpp/src/aai/impl/a100/community/analyze_clustering_modularity_f32_seg.cu.flags,--use_fast_math,False,False,False,True,True,True,False,cugraph/aai/algorithms.hpp;cuda_runtime.h;cub/cub.cuh;cstdint;cstddef
a100/community/analyze_clustering_modularity_f64,a100,community,analyze_clustering_modularity_f64.cu,cpp/src/aai/impl/a100/community/analyze_clustering_modularity_f64.cu,analyze_clustering_modularity_f64,base,242,6829,4f87682a0c515aa524549413b5995da2adf0cc7fea9aa82bbd2d7f93729f2d51,True,cpp/src/aai/impl/a100/community/analyze_clustering_modularity_f64.cu.flags,--use_fast_math,False,False,False,True,True,True,False,cugraph/aai/algorithms.hpp;cuda_runtime.h;cstdint
a100/community/analyze_clustering_modularity_f64_seg,a100,community,analyze_clustering_modularity_f64_seg.cu,cpp/src/aai/impl/a100/community/analyze_clustering_modularity_f64_seg.cu,analyze_clustering_modularity_f64,seg,470,13265,6a0cc08360b39c3dcdc5d3716258e7ed1f3db8a86ee84f3ddf29d1a3bf7e5e48,True,cpp/src/aai/impl/a100/community/analyze_clustering_modularity_f64_seg.cu.flags,--use_fast_math,False,False,False,True,True,True,False,cugraph/aai/algorithms.hpp;cuda_runtime.h;cstdint;cstddef
a100/community/analyze_clustering_ratio_cut_f32,a100,community,analyze_clustering_ratio_cut_f32.cu,cpp/src/aai/impl/a100/community/analyze_clustering_ratio_cut_f32.cu,analyze_clustering_ratio_cut_f32,base,504,20640,121bd444ebd847893cffe942db9a22f9424df1dcbf1772bbaa6e72b9fbec6eb0,True,cpp/src/aai/impl/a100/community/analyze_clustering_ratio_cut_f32.cu.flags,--use_fast_math --extra-device-vectorization,False,False,False,True,True,True,False,cugraph/aai/algorithms.hpp;cuda_runtime.h;cstdint;cstddef;algorithm;cub/block/block_reduce.cuh
a100/community/analyze_clustering_ratio_cut_f32_seg,a100,community,analyze_clustering_ratio_cut_f32_seg.cu,cpp/src/aai/impl/a100/community/analyze_clustering_ratio_cut_f32_seg.cu,analyze_clustering_ratio_cut_f32,seg,753,24028,774fbc35509019e0a213a10555794644b07948ecb57466839ceb9f517d11a4a4,True,cpp/src/aai/impl/a100/community/analyze_clustering_ratio_cut_f32_seg.cu.flags,--use_fast_math,False,False,False,True,True,True,False,cugraph/aai/algorithms.hpp;cuda_runtime.h;cub/cub.cuh;cstdint;algorithm
a100/community/analyze_clustering_ratio_cut_f64,a100,community,analyze_clustering_ratio_cut_f64.cu,cpp/src/aai/impl/a100/community/analyze_clustering_ratio_cut_f64.cu,analyze_clustering_ratio_cut_f64,base,422,14231,c469a16c2c993ca4519099013830240afeebc588397182715128e9ff5a0fadf5,True,cpp/src/aai/impl/a100/community/analyze_clustering_ratio_cut_f64.cu.flags,--use_fast_math,False,False,False,True,True,True,False,cugraph/aai/algorithms.hpp;cuda_runtime.h;cstdint;cub/block/block_reduce.cuh
a100/community/analyze_clustering_ratio_cut_f64_seg,a100,community,analyze_clustering_ratio_cut_f64_seg.cu,cpp/src/aai/impl/a100/community/analyze_clustering_ratio_cut_f64_seg.cu,analyze_clustering_ratio_cut_f64,seg,488,14847,b283d046565da62115731dd596a2a0e519f1d26a1b5230c0e89e69311ffff49b,True,cpp/src/aai/impl/a100/community/analyze_clustering_ratio_cut_f64_seg.cu.flags,--use_fast_math,False,False,False,True,True,True,False,cugraph/aai/algorithms.hpp;cuda_runtime.h;cstdint;cub/cub.cuh
a100/community/ecg_f32,a100,community,ecg_f32.cu,cpp/src/aai/impl/a100/community/ecg_f32.cu,ecg_f32,base,340,17083,e24f5d5d380974cff0ae14334eb47fad2ae5cf92bf03da5ccb709d91512c0c6c,True,cpp/src/aai/impl/a100/community/ecg_f32.cu.flags,--use_fast_math,False,False,False,True,True,True,False,cugraph/aai/algorithms.hpp;cuda_runtime.h;cub/cub.cuh;thrust/reduce.h;thrust/unique.h;thrust/sequence.h;thrust/execution_policy.h;thrust/binary_search.h;thrust/sort.h;thrust/iterator/counting_iterator.h;cstdint
a100/community/ecg_f32_seg,a100,community,ecg_f32_seg.cu,cpp/src/aai/impl/a100/community/ecg_f32_seg.cu,ecg_f32,seg,662,22816,d06fed95c278933f4250440a39a6f04c7ef49d150e7fa7f19042ef603c32481e,True,cpp/src/aai/impl/a100/community/ecg_f32_seg.cu.flags,--use_fast_math --maxrregcount=40,False,False,False,True,True,True,False,cugraph/aai/algorithms.hpp;cuda_runtime.h;cub/cub.cuh;thrust/device_ptr.h;thrust/sort.h;thrust/reduce.h;thrust/unique.h;thrust/execution_policy.h;thrust/iterator/counting_iterator.h;thrust/binary_search.h;thrust/copy.h;thrust/sequence.h;thrust/tuple.h;thrust/functional.h;thrust/transform.h;thrust/iterator/zip_iterator.h;math_constants.h;cstdint;vector
a100/community/ecg_f64,a100,community,ecg_f64.cu,cpp/src/aai/impl/a100/community/ecg_f64.cu,ecg_f64,base,528,20797,c9185cfe317167ed466dd8b4748c30985f895667f088bd42605b9408959ca8af,True,cpp/src/aai/impl/a100/community/ecg_f64.cu.flags,--use_fast_math,False,False,False,True,True,True,False,cugraph/aai/algorithms.hpp;cuda_runtime.h;cub/cub.cuh;thrust/device_vector.h;thrust/device_ptr.h;thrust/sort.h;thrust/reduce.h;thrust/scan.h;thrust/transform.h;thrust/for_each.h;thrust/iterator/counting_iterator.h;thrust/iterator/zip_iterator.h;thrust/binary_search.h;thrust/unique.h;thrust/copy.h;thrust/sequence.h;thrust/fill.h;thrust/execution_policy.h;thrust/functional.h;thrust/gather.h;thrust/scatter.h;thrust/extrema.h;thrust/equal.h;cstdint;cstdio;vector
a100/community/ecg_f64_seg,a100,community,ecg_f64_seg.cu,cpp/src/aai/impl/a100/community/ecg_f64_seg.cu,ecg_f64,seg,509,18946,8761ecd1c859dba0928aa5fed24a6c85325bd986a5e964d41ef4c81c6dca779c,True,cpp/src/aai/impl/a100/community/ecg_f64_seg.cu.flags,--use_fast_math,False,False,False,True,True,True,False,cugraph/aai/algorithms.hpp;cuda_runtime.h;cub/cub.cuh;thrust/sort.h;thrust/unique.h;thrust/reduce.h;thrust/scan.h;thrust/iterator/transform_iterator.h;thrust/execution_policy.h;thrust/device_ptr.h;thrust/binary_search.h;cstdint;vector
a100/community/extract_ego,a100,community,extract_ego.cu,cpp/src/aai/impl/a100/community/extract_ego.cu,extract_ego,base,382,13394,e31c0193843128e52ea093ca71322c959434cd758e94c37f9342f31c594d28bb,True,cpp/src/aai/impl/a100/community/extract_ego.cu.flags,--use_fast_math,False,False,False,True,True,True,False,cugraph/aai/algorithms.hpp;cuda_runtime.h;cstdint;algorithm;vector
a100/community/extract_ego_seg,a100,community,extract_ego_seg.cu,cpp/src/aai/impl/a100/community/extract_ego_seg.cu,extract_ego,seg,945,34249,8ced19c8da136e054a2d49d9ed9885572ef98615aaff462a1a0c01890ebaa925,True,cpp/src/aai/impl/a100/community/extract_ego_seg.cu.flags,--use_fast_math,False,False,False,True,True,True,False,cugraph/aai/algorithms.hpp;cuda_runtime.h;cstdint;cstring;algorithm;vector
a100/community/extract_ego_weighted_f32,a100,community,extract_ego_weighted_f32.cu,cpp/src/aai/impl/a100/community/extract_ego_weighted_f32.cu,extract_ego_weighted_f32,base,306,11060,6f6c337f5dea554198efc20422d009619789b1f41c888309c61203484ff78740,True,cpp/src/aai/impl/a100/community/extract_ego_weighted_f32.cu.flags,--use_fast_math,False,False,False,True,True,True,False,cugraph/aai/algorithms.hpp;cuda_runtime.h;cstdint;cstddef;vector;thrust/sort.h;thrust/iterator/zip_iterator.h;thrust/tuple.h;thrust/execution_policy.h;thrust/device_ptr.h
a100/community/extract_ego_weighted_f32_seg,a100,community,extract_ego_weighted_f32_seg.cu,cpp/src/aai/impl/a100/community/extract_ego_weighted_f32_seg.cu,extract_ego_weighted_f32,seg,496,17005,f84a5f2f2624434e4299b59b84669d22b3a950b879d5bf1b43123d4aecacbc5f,True,cpp/src/aai/impl/a100/community/extract_ego_weighted_f32_seg.cu.flags,--use_fast_math -Xptxas -dlcm=ca,False,False,False,True,True,True,False,cugraph/aai/algorithms.hpp;cuda_runtime.h;cstdint;cstddef;cub/cub.cuh;vector
a100/community/extract_ego_weighted_f64,a100,community,extract_ego_weighted_f64.cu,cpp/src/aai/impl/a100/community/extract_ego_weighted_f64.cu,extract_ego_weighted_f64,base,458,15478,b6db57d6b44d7146eeb8eabc712af6c6d18747ccacb25b1acdbfa27f74a100f3,True,cpp/src/aai/impl/a100/community/extract_ego_weighted_f64.cu.flags,--use_fast_math,False,False,False,True,True,True,False,cugraph/aai/algorithms.hpp;cuda_runtime.h;cstdint;vector;thrust/device_ptr.h;thrust/sort.h;thrust/tuple.h;thrust/iterator/zip_iterator.h
a100/community/extract_ego_weighted_f64_seg,a100,community,extract_ego_weighted_f64_seg.cu,cpp/src/aai/impl/a100/community/extract_ego_weighted_f64_seg.cu,extract_ego_weighted_f64,seg,510,16192,7ea80c5a0be008bbf22717848fab20ac7b36c4650038050c9227c5f6aaa0b532,True,cpp/src/aai/impl/a100/community/extract_ego_weighted_f64_seg.cu.flags,--use_fast_math,False,False,False,True,True,True,False,cugraph/aai/algorithms.hpp;cuda_runtime.h;cub/cub.cuh;cstdint;algorithm
a100/community/k_truss,a100,community,k_truss.cu,cpp/src/aai/impl/a100/community/k_truss.cu,k_truss,base,482,13990,60deb0756cff9d3ef598eff77a8ef6bec4e8e3ecdbcef83b1171e125e82903ae,True,cpp/src/aai/impl/a100/community/k_truss.cu.flags,--use_fast_math,False,False,False,True,True,True,False,cugraph/aai/algorithms.hpp;cuda_runtime.h;cstdint
a100/community/k_truss_mask,a100,community,k_truss_mask.cu,cpp/src/aai/impl/a100/community/k_truss_mask.cu,k_truss,mask,448,13548,d2852c2d45bc8d8dbd032101b0ac9ad05722cb6ee04d8e135cb4506a4ce782ea,True,cpp/src/aai/impl/a100/community/k_truss_mask.cu.flags,--use_fast_math,False,False,False,True,True,True,False,cugraph/aai/algorithms.hpp;cuda_runtime.h;cstdint
a100/community/k_truss_seg,a100,community,k_truss_seg.cu,cpp/src/aai/impl/a100/community/k_truss_seg.cu,k_truss,seg,481,13869,544e3c1409bef6e2776753a372eac33cc699eb1c1e24be54979f943d281d4150,True,cpp/src/aai/impl/a100/community/k_truss_seg.cu.flags,--use_fast_math,False,False,False,False,True,True,False,cugraph/aai/algorithms.hpp;cuda_runtime.h;cub/cub.cuh;cstdint;algorithm
a100/community/k_truss_seg_mask,a100,community,k_truss_seg_mask.cu,cpp/src/aai/impl/a100/community/k_truss_seg_mask.cu,k_truss,seg_mask,376,11857,008b6eed61bf9e222ee99f2748a4f8cf7dcce663b1f0cefe5858fd4f1bb598d7,True,cpp/src/aai/impl/a100/community/k_truss_seg_mask.cu.flags,--use_fast_math,False,False,False,True,True,True,False,cugraph/aai/algorithms.hpp;cuda_runtime.h;cub/cub.cuh;cstdint
a100/community/leiden_f32,a100,community,leiden_f32.cu,cpp/src/aai/impl/a100/community/leiden_f32.cu,leiden_f32,base,668,23498,1e866253a4d21a9a5af3104e230cb9e8e871eb7b9328492740bdd75f5ca27148,True,cpp/src/aai/impl/a100/community/leiden_f32.cu.flags,--use_fast_math --maxrregcount=48,False,False,False,True,True,True,False,cugraph/aai/algorithms.hpp;cuda_runtime.h;cstdint;cub/cub.cuh;thrust/device_ptr.h;thrust/sort.h;thrust/reduce.h;thrust/unique.h;thrust/scan.h;thrust/copy.h;thrust/execution_policy.h;thrust/binary_search.h
a100/community/leiden_f32_seg,a100,community,leiden_f32_seg.cu,cpp/src/aai/impl/a100/community/leiden_f32_seg.cu,leiden_f32,seg,690,25145,68e027f6b7f4c0ecd1260793aaae9cfd9c570abdd089f8b7a2734d025c5ea9dc,True,cpp/src/aai/impl/a100/community/leiden_f32_seg.cu.flags,--use_fast_math,False,False,False,True,True,True,False,cugraph/aai/algorithms.hpp;cuda_runtime.h;cstdint;cub/cub.cuh;thrust/device_ptr.h;thrust/sort.h;thrust/reduce.h;thrust/unique.h;thrust/scan.h;thrust/fill.h;thrust/copy.h;thrust/execution_policy.h;thrust/binary_search.h;thrust/functional.h
a100/community/leiden_f64,a100,community,leiden_f64.cu,cpp/src/aai/impl/a100/community/leiden_f64.cu,leiden_f64,base,745,27107,b1a2719d6639735a34f6a0adea88e8dfbd3cca336b1be7fb53b2ab9315d79bc5,True,cpp/src/aai/impl/a100/community/leiden_f64.cu.flags,--use_fast_math,False,False,False,True,True,True,False,cugraph/aai/algorithms.hpp;cuda_runtime.h;cstdint;cub/cub.cuh;thrust/device_ptr.h;thrust/sort.h;thrust/reduce.h;thrust/unique.h;thrust/scan.h;thrust/fill.h;thrust/copy.h;thrust/execution_policy.h;thrust/binary_search.h;thrust/functional.h
a100/community/leiden_f64_seg,a100,community,leiden_f64_seg.cu,cpp/src/aai/impl/a100/community/leiden_f64_seg.cu,leiden_f64,seg,766,26954,1567f27be52b19dcf7d5434ee9c773e6c1d686e4e60e58dc8c136fbcc4d988de,True,cpp/src/aai/impl/a100/community/leiden_f64_seg.cu.flags,--use_fast_math,False,False,False,True,True,True,False,cugraph/aai/algorithms.hpp;cuda_runtime.h;cstdint;cub/cub.cuh;thrust/device_ptr.h;thrust/sort.h;thrust/reduce.h;thrust/unique.h;thrust/scan.h;thrust/fill.h;thrust/copy.h;thrust/execution_policy.h;thrust/binary_search.h;thrust/functional.h
a100/community/louvain_f32,a100,community,louvain_f32.cu,cpp/src/aai/impl/a100/community/louvain_f32.cu,louvain_f32,base,626,22998,9063d069f3f54be4b957befc542eaa1fcf477a5eecbf9740f14e7437a1c68641,True,cpp/src/aai/impl/a100/community/louvain_f32.cu.flags,--use_fast_math,False,False,False,True,True,True,False,cugraph/aai/algorithms.hpp;cuda_runtime.h;cub/cub.cuh;thrust/device_vector.h;thrust/sort.h;thrust/reduce.h;thrust/scan.h;thrust/fill.h;thrust/sequence.h;thrust/iterator/zip_iterator.h;thrust/tuple.h;thrust/execution_policy.h;thrust/functional.h;thrust/for_each.h;thrust/iterator/counting_iterator.h;cstdint
a100/community/louvain_f32_seg,a100,community,louvain_f32_seg.cu,cpp/src/aai/impl/a100/community/louvain_f32_seg.cu,louvain_f32,seg,995,38022,5f75682aa60f657c7696f2b814895d50504a88a8a7b671838565bffb518d71ee,True,cpp/src/aai/impl/a100/community/louvain_f32_seg.cu.flags,--use_fast_math,False,False,False,True,True,True,False,cugraph/aai/algorithms.hpp;cuda_runtime.h;cstdint;cstddef;algorithm;vector;cub/cub.cuh;cuda/std/functional
a100/community/louvain_f64,a100,community,louvain_f64.cu,cpp/src/aai/impl/a100/community/louvain_f64.cu,louvain_f64,base,1192,42739,0396080e63f7c03f65909d20c526169435eca7e587894df3046fbc307e52ef38,False,,,False,False,False,True,True,True,False,cugraph/aai/algorithms.hpp;cuda_runtime.h;cub/cub.cuh;cuda/std/functional;cstdint;cstddef;algorithm;vector
a100/community/louvain_f64_seg,a100,community,louvain_f64_seg.cu,cpp/src/aai/impl/a100/community/louvain_f64_seg.cu,louvain_f64,seg,1045,38768,ac35cc02964845e39efb484da94324a6d9bd720530f81b9f1170e719df736821,False,,,False,False,False,True,True,True,False,cugraph/aai/algorithms.hpp;cuda_runtime.h;cub/cub.cuh;cuda/std/functional;cstdint;cstddef;vector;algorithm
a100/community/spectral_modularity_maximization_f32,a100,community,spectral_modularity_maximization_f32.cu,cpp/src/aai/impl/a100/community/spectral_modularity_maximization_f32.cu,spectral_modularity_maximization_f32,base,998,34464,3993e8cc0c0c6f76e39d0e71d645d989fc87b63ef102d4fd90fe04643df7642b,True,cpp/src/aai/impl/a100/community/spectral_modularity_maximization_f32.cu.flags,--use_fast_math,False,False,False,True,True,True,True,cugraph/aai/algorithms.hpp;cuda_runtime.h;math_constants.h;cusparse.h;cublas_v2.h;algorithm;cmath;cstdint;cstring;numeric;vector
a100/community/spectral_modularity_maximization_f32_seg,a100,community,spectral_modularity_maximization_f32_seg.cu,cpp/src/aai/impl/a100/community/spectral_modularity_maximization_f32_seg.cu,spectral_modularity_maximization_f32,seg,601,22658,fe50c5bb59c56ce43930546eaed9617b6d747141f7038d5ccdf0fc3b5a30a49b,True,cpp/src/aai/impl/a100/community/spectral_modularity_maximization_f32_seg.cu.flags,--use_fast_math,False,False,False,True,True,True,False,cugraph/aai/algorithms.hpp;cuda_runtime.h;cublas_v2.h;cstdint;cstring;cmath;algorithm;numeric;vector;math_constants.h
a100/community/spectral_modularity_maximization_f64,a100,community,spectral_modularity_maximization_f64.cu,cpp/src/aai/impl/a100/community/spectral_modularity_maximization_f64.cu,spectral_modularity_maximization_f64,base,496,18559,653130abf5b87d1c1dcf38c78b6658b43cea5ea2f61fa41152c8a7dc0e5ee17a,True,cpp/src/aai/impl/a100/community/spectral_modularity_maximization_f64.cu.flags,--use_fast_math,False,False,False,True,True,True,True,cugraph/aai/algorithms.hpp;cuda_runtime.h;cublas_v2.h;cusparse.h;cusolverDn.h;curand.h;cstdint;cstdio;cstdlib;cmath;algorithm;vector
a100/community/spectral_modularity_maximization_f64_seg,a100,community,spectral_modularity_maximization_f64_seg.cu,cpp/src/aai/impl/a100/community/spectral_modularity_maximization_f64_seg.cu,spectral_modularity_maximization_f64,seg,692,23410,5b3be9697470d787357e2b95731db4ac2e34e3817d39a1b1c3b70d140d34c874,True,cpp/src/aai/impl/a100/community/spectral_modularity_maximization_f64_seg.cu.flags,--use_fast_math,False,False,False,True,True,True,True,cugraph/aai/algorithms.hpp;cuda_runtime.h;cusparse.h;cublas_v2.h;cstdint;cmath;algorithm;numeric;vector
a100/community/triangle_count,a100,community,triangle_count.cu,cpp/src/aai/impl/a100/community/triangle_count.cu,triangle_count,base,379,11978,4242826a818ae9b0c4689de2eecc94d3726cca4f36458fa041fc11ce99fe1790,True,cpp/src/aai/impl/a100/community/triangle_count.cu.flags,--use_fast_math,False,False,False,True,True,True,False,cugraph/aai/algorithms.hpp;cuda_runtime.h;cub/cub.cuh;cstdint
a100/community/triangle_count_mask,a100,community,triangle_count_mask.cu,cpp/src/aai/impl/a100/community/triangle_count_mask.cu,triangle_count,mask,520,15626,b4e325d807cd15aea7549880a197967f29205cbfde075f6a15ba74ef1997c33c,True,cpp/src/aai/impl/a100/community/triangle_count_mask.cu.flags,--use_fast_math,False,False,False,True,True,True,False,cugraph/aai/algorithms.hpp;cuda_runtime.h;cub/cub.cuh;cstdint;cstddef
a100/community/triangle_count_seg,a100,community,triangle_count_seg.cu,cpp/src/aai/impl/a100/community/triangle_count_seg.cu,triangle_count,seg,649,17642,374048915439e1b32cf465601aa004119df2ed2e5ffcb6575a7224edb1b7572b,True,cpp/src/aai/impl/a100/community/triangle_count_seg.cu.flags,--use_fast_math,False,False,False,True,True,True,False,cugraph/aai/algorithms.hpp;cuda_runtime.h;cstdint
a100/community/triangle_count_seg_mask,a100,community,triangle_count_seg_mask.cu,cpp/src/aai/impl/a100/community/triangle_count_seg_mask.cu,triangle_count,seg_mask,336,11007,55ab90a71331f3cfbe0cc2b30003b49b579f45bbeb3300384638e035ea40e4e5,True,cpp/src/aai/impl/a100/community/triangle_count_seg_mask.cu.flags,--use_fast_math --maxrregcount=64,False,False,False,True,True,True,False,cugraph/aai/algorithms.hpp;cuda_runtime.h;cub/cub.cuh;cstdint;cstddef
a100/components/strongly_connected_components,a100,components,strongly_connected_components.cu,cpp/src/aai/impl/a100/components/strongly_connected_components.cu,strongly_connected_components,base,870,32546,23b2a6355b65f6bc2d815577f9ea1b6973be8515f2a10745af54c25fa6442e7a,True,cpp/src/aai/impl/a100/components/strongly_connected_components.cu.flags,--use_fast_math,False,False,False,True,True,True,False,cugraph/aai/algorithms.hpp;cuda_runtime.h;cstdint;cstring;cub/cub.cuh
a100/components/strongly_connected_components_seg,a100,components,strongly_connected_components_seg.cu,cpp/src/aai/impl/a100/components/strongly_connected_components_seg.cu,strongly_connected_components,seg,964,36887,dbdd31ea5953937f887ce053ca2d478a8a1a45433682ddfcc3199a7e6c79da09,True,cpp/src/aai/impl/a100/components/strongly_connected_components_seg.cu.flags,--use_fast_math,False,False,False,True,True,True,False,cugraph/aai/algorithms.hpp;cuda_runtime.h;cstdint;cstring;algorithm;cub/cub.cuh
a100/components/weakly_connected_components,a100,components,weakly_connected_components.cu,cpp/src/aai/impl/a100/components/weakly_connected_components.cu,weakly_connected_components,base,218,5864,316c4accc35d5c1006898fa8e59c4313ae154116b1374ce6f9b1c2b109c53774,True,cpp/src/aai/impl/a100/components/weakly_connected_components.cu.flags,--use_fast_math --extra-device-vectorization,False,False,False,True,True,True,False,cugraph/aai/algorithms.hpp;cuda_runtime.h;cstdint
a100/components/weakly_connected_components_mask,a100,components,weakly_connected_components_mask.cu,cpp/src/aai/impl/a100/components/weakly_connected_components_mask.cu,weakly_connected_components,mask,142,4053,73e6118b9ce07862df91be214b52d458c62c64497347036b395400239812093c,True,cpp/src/aai/impl/a100/components/weakly_connected_components_mask.cu.flags,--use_fast_math,False,False,False,True,True,True,False,cugraph/aai/algorithms.hpp;cuda_runtime.h;cstdint
a100/components/weakly_connected_components_seg,a100,components,weakly_connected_components_seg.cu,cpp/src/aai/impl/a100/components/weakly_connected_components_seg.cu,weakly_connected_components,seg,292,8542,eb21e37d130bc21318bab03bbac9e69205cff2f784dcccff5a81561e3dadb6d2,True,cpp/src/aai/impl/a100/components/weakly_connected_components_seg.cu.flags,--use_fast_math,False,False,False,True,True,True,False,cugraph/aai/algorithms.hpp;cuda_runtime.h;cstdint
a100/components/weakly_connected_components_seg_mask,a100,components,weakly_connected_components_seg_mask.cu,cpp/src/aai/impl/a100/components/weakly_connected_components_seg_mask.cu,weakly_connected_components,seg_mask,277,7912,5469e7c2193898e4383971164147f328d519759cac99fa12a489bd40a8db4f68,True,cpp/src/aai/impl/a100/components/weakly_connected_components_seg_mask.cu.flags,--use_fast_math,False,False,False,True,True,True,False,cugraph/aai/algorithms.hpp;cuda_runtime.h;cstdint
a100/cores/core_number,a100,cores,core_number.cu,cpp/src/aai/impl/a100/cores/core_number.cu,core_number,base,348,10958,24e971456e8debdfa1c757513c7cede3f9619104c830a24891f9fb07548dbbab,True,cpp/src/aai/impl/a100/cores/core_number.cu.flags,--use_fast_math --rdc=true,True,True,True,True,True,True,False,cugraph/aai/algorithms.hpp;cuda_runtime.h;cooperative_groups.h;cstdint;climits
a100/cores/core_number_mask,a100,cores,core_number_mask.cu,cpp/src/aai/impl/a100/cores/core_number_mask.cu,core_number,mask,460,16191,43f1b32f29094ce70ab9b536104c565b723f60eaf19bcd80978aa60a498b936d,True,cpp/src/aai/impl/a100/cores/core_number_mask.cu.flags,--use_fast_math,False,False,False,True,True,True,False,cugraph/aai/algorithms.hpp;cuda_runtime.h;cstdint;algorithm;climits
a100/cores/core_number_seg,a100,cores,core_number_seg.cu,cpp/src/aai/impl/a100/cores/core_number_seg.cu,core_number,seg,302,9114,54d4289e216aed42fb2ffa0c14fbfd543163f0348c7261b0194dd81e0c19f7e2,True,cpp/src/aai/impl/a100/cores/core_number_seg.cu.flags,--use_fast_math --expt-relaxed-constexpr --rdc=true,True,True,True,True,True,True,False,cugraph/aai/algorithms.hpp;cuda_runtime.h;cooperative_groups.h;cstdint;climits;algorithm
a100/cores/core_number_seg_mask,a100,cores,core_number_seg_mask.cu,cpp/src/aai/impl/a100/cores/core_number_seg_mask.cu,core_number,seg_mask,456,14219,c08adcfdc3916f35a5f20efe29567233937a1c41412c285ccdb87faf513ecb45,True,cpp/src/aai/impl/a100/cores/core_number_seg_mask.cu.flags,--use_fast_math,False,False,False,True,True,True,False,cugraph/aai/algorithms.hpp;cuda_runtime.h;cstdint;climits
a100/cores/k_core,a100,cores,k_core.cu,cpp/src/aai/impl/a100/cores/k_core.cu,k_core,base,427,12482,a30504586a759a0fb22791f69f3403f306938939f468baea6fdc970d85c85555,True,cpp/src/aai/impl/a100/cores/k_core.cu.flags,--use_fast_math,False,False,False,True,True,True,False,cugraph/aai/algorithms.hpp;cuda_runtime.h;cstdint;cstddef;climits
a100/cores/k_core_mask,a100,cores,k_core_mask.cu,cpp/src/aai/impl/a100/cores/k_core_mask.cu,k_core,mask,401,12409,3beb03a8e6b7e8dc8de93c5b52eba37d2de25f0a9f686dbf568b46346d16f670,True,cpp/src/aai/impl/a100/cores/k_core_mask.cu.flags,--use_fast_math,False,False,False,True,True,True,False,cugraph/aai/algorithms.hpp;cuda_runtime.h;cstdint
a100/cores/k_core_seg,a100,cores,k_core_seg.cu,cpp/src/aai/impl/a100/cores/k_core_seg.cu,k_core,seg,514,15465,35c51d6aade2db9e3db79e0233a5a86eca8a8f4a654418e452a4b4b55ee84338,True,cpp/src/aai/impl/a100/cores/k_core_seg.cu.flags,--use_fast_math,False,False,False,True,True,True,False,cugraph/aai/algorithms.hpp;cuda_runtime.h;cstdint;algorithm
a100/cores/k_core_seg_mask,a100,cores,k_core_seg_mask.cu,cpp/src/aai/impl/a100/cores/k_core_seg_mask.cu,k_core,seg_mask,256,7547,16437a3c18b7712803a972f6c382fa86331a069aafdb00d290bdc0ec53954ce6,True,cpp/src/aai/impl/a100/cores/k_core_seg_mask.cu.flags,--use_fast_math --extra-device-vectorization,False,False,False,True,True,True,False,cugraph/aai/algorithms.hpp;cuda_runtime.h;cstdint;climits
a100/link_analysis/hits,a100,link_analysis,hits.cu,cpp/src/aai/impl/a100/link_analysis/hits.cu,hits,base,426,14226,7b0cc99bfb56d09578ab6312de623ae299e5b1c1027487a1cd263bfb7d806001,True,cpp/src/aai/impl/a100/link_analysis/hits.cu.flags,--use_fast_math,False,False,False,True,True,True,True,cugraph/aai/algorithms.hpp;cuda_runtime.h;cusparse.h;cub/cub.cuh;cstdint;algorithm
a100/link_analysis/hits_f64,a100,link_analysis,hits_f64.cu,cpp/src/aai/impl/a100/link_analysis/hits_f64.cu,hits_f64,base,467,14027,31736abaf0675ae78c25693853cdf66aedbdd94143eb6a18ba9361a4182227ac,True,cpp/src/aai/impl/a100/link_analysis/hits_f64.cu.flags,--use_fast_math,False,False,False,True,True,True,False,cugraph/aai/algorithms.hpp;cuda_runtime.h;cub/cub.cuh;cstdint;cstddef;algorithm;limits
a100/link_analysis/hits_f64_mask,a100,link_analysis,hits_f64_mask.cu,cpp/src/aai/impl/a100/link_analysis/hits_f64_mask.cu,hits_f64,mask,326,9581,21fbbd54d6ca0559d805c5c61eb9742eb8caf6e403be5262d82844732586a1f8,False,,,False,False,False,True,True,True,False,cugraph/aai/algorithms.hpp;cuda_runtime.h;cub/cub.cuh;cstdint;cstddef
a100/link_analysis/hits_f64_seg,a100,link_analysis,hits_f64_seg.cu,cpp/src/aai/impl/a100/link_analysis/hits_f64_seg.cu,hits_f64,seg,530,16762,3209aa451755e5e68639586e95b72c4cc1a757eaea1b3bad47a67b7e6ca3cbaa,True,cpp/src/aai/impl/a100/link_analysis/hits_f64_seg.cu.flags,--use_fast_math,False,False,False,True,True,True,False,cugraph/aai/algorithms.hpp;cuda_runtime.h;cub/cub.cuh;cstdint
a100/link_analysis/hits_f64_seg_mask,a100,link_analysis,hits_f64_seg_mask.cu,cpp/src/aai/impl/a100/link_analysis/hits_f64_seg_mask.cu,hits_f64,seg_mask,452,13316,e59c4dc4d9460a7e544e9f22765df018aa9a2487cc8e3cd68945dce83a43ae91,True,cpp/src/aai/impl/a100/link_analysis/hits_f64_seg_mask.cu.flags,--use_fast_math,False,False,False,True,True,True,False,cugraph/aai/algorithms.hpp;cuda_runtime.h;cub/cub.cuh;cstdint;cfloat
a100/link_analysis/hits_mask,a100,link_analysis,hits_mask.cu,cpp/src/aai/impl/a100/link_analysis/hits_mask.cu,hits,mask,405,14953,1a8f2fe86313e8636f2f274bb3c2561f4dc4fb949886a64bc909bcf9d7aadc74,True,cpp/src/aai/impl/a100/link_analysis/hits_mask.cu.flags,--use_fast_math,False,False,False,True,True,True,False,cugraph/aai/algorithms.hpp;cuda_runtime.h;cub/cub.cuh;cfloat;cstdint
a100/link_analysis/hits_seg,a100,link_analysis,hits_seg.cu,cpp/src/aai/impl/a100/link_analysis/hits_seg.cu,hits,seg,520,14833,98ed38b8d39ac858fd1e41ca8e36031318da0d26917eea52da95d80169cd65fa,True,cpp/src/aai/impl/a100/link_analysis/hits_seg.cu.flags,--use_fast_math,False,False,False,True,True,True,False,cugraph/aai/algorithms.hpp;cuda_runtime.h;cub/cub.cuh;cstdint;cfloat;algorithm
a100/link_analysis/hits_seg_mask,a100,link_analysis,hits_seg_mask.cu,cpp/src/aai/impl/a100/link_analysis/hits_seg_mask.cu,hits,seg_mask,352,10992,3a6f1bf742b76f659a524e6704c1119e8f5cd2d15776bb133e88fce4f4ff3eea,True,cpp/src/aai/impl/a100/link_analysis/hits_seg_mask.cu.flags,--use_fast_math,False,False,False,True,True,True,False,cugraph/aai/algorithms.hpp;cuda_runtime.h;cub/cub.cuh;cstdint;algorithm
a100/link_analysis/pagerank,a100,link_analysis,pagerank.cu,cpp/src/aai/impl/a100/link_analysis/pagerank.cu,pagerank,base,314,9039,2d143daebade9aac6eb7af2607a3f628536c56c64477d7721e16c63ce92375f8,True,cpp/src/aai/impl/a100/link_analysis/pagerank.cu.flags,--use_fast_math,False,False,False,True,True,True,False,cugraph/aai/algorithms.hpp;cuda_runtime.h;cstdint;cstddef
a100/link_analysis/pagerank_f32,a100,link_analysis,pagerank_f32.cu,cpp/src/aai/impl/a100/link_analysis/pagerank_f32.cu,pagerank_f32,base,435,12758,744c76af8ca682c775d1469ead58c8a1eb5c54a43df5ea861b63d0049486cb7e,True,cpp/src/aai/impl/a100/link_analysis/pagerank_f32.cu.flags,--use_fast_math,False,False,False,True,True,True,True,cugraph/aai/algorithms.hpp;cuda_runtime.h;cusparse.h;cstdint;algorithm
a100/link_analysis/pagerank_f32_mask,a100,link_analysis,pagerank_f32_mask.cu,cpp/src/aai/impl/a100/link_analysis/pagerank_f32_mask.cu,pagerank_f32,mask,412,13089,239726e4172ee51b4994f6465948afb2df9da4a36d62c4f845f7e49d689f932d,True,cpp/src/aai/impl/a100/link_analysis/pagerank_f32_mask.cu.flags,--use_fast_math,False,False,False,True,True,True,True,cugraph/aai/algorithms.hpp;cuda_runtime.h;cusparse.h;cub/cub.cuh;cstdint
a100/link_analysis/pagerank_f32_p32,a100,link_analysis,pagerank_f32_p32.cu,cpp/src/aai/impl/a100/link_analysis/pagerank_f32_p32.cu,pagerank_f32_p32,base,496,15867,fba09b67b71eeec3263dbd8d2fd92f4a9ca2472f180dd7dc83b72ea20ea1c7a3,True,cpp/src/aai/impl/a100/link_analysis/pagerank_f32_p32.cu.flags,--use_fast_math,False,False,False,True,True,True,True,cugraph/aai/algorithms.hpp;cuda_runtime.h;cusparse.h;cub/cub.cuh;cstdint;cmath;vector
a100/link_analysis/pagerank_f32_p32_mask,a100,link_analysis,pagerank_f32_p32_mask.cu,cpp/src/aai/impl/a100/link_analysis/pagerank_f32_p32_mask.cu,pagerank_f32_p32,mask,457,14107,3d4f4ac7a7c72678a2924087c21396081363506517dffc0a2abd33c37cbc7c5b,True,cpp/src/aai/impl/a100/link_analysis/pagerank_f32_p32_mask.cu.flags,--use_fast_math,False,False,False,True,True,True,False,cugraph/aai/algorithms.hpp;cuda_runtime.h;cub/cub.cuh;cstdint;cstddef
a100/link_analysis/pagerank_f32_p32_seg,a100,link_analysis,pagerank_f32_p32_seg.cu,cpp/src/aai/impl/a100/link_analysis/pagerank_f32_p32_seg.cu,pagerank_f32_p32,seg,387,11825,d5907679b5c72cdd326445691cbe630cf1940e3878e7963c3973f9c489963e94,True,cpp/src/aai/impl/a100/link_analysis/pagerank_f32_p32_seg.cu.flags,--use_fast_math,False,False,False,True,True,True,True,cugraph/aai/algorithms.hpp;cuda_runtime.h;cusparse.h;cub/block/block_reduce.cuh;cstdint;cstddef;algorithm;vector
a100/link_analysis/pagerank_f32_p32_seg_mask,a100,link_analysis,pagerank_f32_p32_seg_mask.cu,cpp/src/aai/impl/a100/link_analysis/pagerank_f32_p32_seg_mask.cu,pagerank_f32_p32,seg_mask,560,18126,56472f1cdbf495ec769aa2dce2ec1de5e0d13724cfe6f92670f1af29345829d1,True,cpp/src/aai/impl/a100/link_analysis/pagerank_f32_p32_seg_mask.cu.flags,--use_fast_math,False,False,False,True,True,True,False,cugraph/aai/algorithms.hpp;cuda_runtime.h;cub/cub.cuh;cstdint
a100/link_analysis/pagerank_f32_seg,a100,link_analysis,pagerank_f32_seg.cu,cpp/src/aai/impl/a100/link_analysis/pagerank_f32_seg.cu,pagerank_f32,seg,465,13739,8bc7b92806933050af0f6d8fe5490aefea5df886d407dd11faf2ed23ba73cc90,True,cpp/src/aai/impl/a100/link_analysis/pagerank_f32_seg.cu.flags,--use_fast_math,False,False,False,True,True,True,False,cugraph/aai/algorithms.hpp;cuda_runtime.h;cstdint
a100/link_analysis/pagerank_f32_seg_mask,a100,link_analysis,pagerank_f32_seg_mask.cu,cpp/src/aai/impl/a100/link_analysis/pagerank_f32_seg_mask.cu,pagerank_f32,seg_mask,432,12975,9de6c63118a4a3a6858f4064b949230aae35823dcd8158cff23773aea5568a18,True,cpp/src/aai/impl/a100/link_analysis/pagerank_f32_seg_mask.cu.flags,--use_fast_math,False,False,False,True,True,True,False,cugraph/aai/algorithms.hpp;cuda_runtime.h;cub/cub.cuh;cstdint;cmath
a100/link_analysis/pagerank_f64,a100,link_analysis,pagerank_f64.cu,cpp/src/aai/impl/a100/link_analysis/pagerank_f64.cu,pagerank_f64,base,636,21382,c8b20892f07bd1aab104b537208c5434f4f80f3fc5d416db18a78eb5d6a6a039,True,cpp/src/aai/impl/a100/link_analysis/pagerank_f64.cu.flags,--use_fast_math,False,False,False,True,True,True,True,cugraph/aai/algorithms.hpp;cuda_runtime.h;cusparse.h;cub/cub.cuh;cstdint;algorithm
a100/link_analysis/pagerank_f64_mask,a100,link_analysis,pagerank_f64_mask.cu,cpp/src/aai/impl/a100/link_analysis/pagerank_f64_mask.cu,pagerank_f64,mask,440,13877,c33ea49a8928266e2207191e2577468a1949952f85a964d3bf1a70bee8b8f2e1,False,,,False,False,False,True,True,True,True,cugraph/aai/algorithms.hpp;cuda_runtime.h;cusparse.h;cub/cub.cuh;cstdint;cmath;algorithm
a100/link_analysis/pagerank_f64_p64,a100,link_analysis,pagerank_f64_p64.cu,cpp/src/aai/impl/a100/link_analysis/pagerank_f64_p64.cu,pagerank_f64_p64,base,430,13298,a4ad6ee599f4037117766a7d5dbd82fb198afe59c5e387576fd4370fe58a550c,False,,,False,False,False,True,True,True,True,cugraph/aai/algorithms.hpp;cuda_runtime.h;cusparse.h;cstdint;cstdlib;vector
a100/link_analysis/pagerank_f64_p64_mask,a100,link_analysis,pagerank_f64_p64_mask.cu,cpp/src/aai/impl/a100/link_analysis/pagerank_f64_p64_mask.cu,pagerank_f64_p64,mask,590,20509,fa2ea07b5594e8aa00f0d2d7f93130a1e686a3197c6c08f3f6ea0cd55dc7d3fc,False,,,False,False,False,True,True,True,True,cugraph/aai/algorithms.hpp;cuda_runtime.h;cusparse.h;cub/cub.cuh;cstdint;cstddef;vector
a100/link_analysis/pagerank_f64_p64_seg,a100,link_analysis,pagerank_f64_p64_seg.cu,cpp/src/aai/impl/a100/link_analysis/pagerank_f64_p64_seg.cu,pagerank_f64_p64,seg,510,18442,a3f87c8d0ae2082f423bc49bd33c5ada7edee81c5650a44ac0cfe6ef45d16cf2,False,,,False,False,False,True,True,True,True,cugraph/aai/algorithms.hpp;cuda_runtime.h;cusparse.h;cub/cub.cuh;cstdint;cmath;utility;vector
a100/link_analysis/pagerank_f64_p64_seg_mask,a100,link_analysis,pagerank_f64_p64_seg_mask.cu,cpp/src/aai/impl/a100/link_analysis/pagerank_f64_p64_seg_mask.cu,pagerank_f64_p64,seg_mask,635,20253,beb5b9e131c0523f4b253959f9df453a52eeb9fde005b8fb0e5d50d3d47c2310,True,cpp/src/aai/impl/a100/link_analysis/pagerank_f64_p64_seg_mask.cu.flags,--use_fast_math,False,False,False,True,True,True,True,cugraph/aai/algorithms.hpp;cuda_runtime.h;cusparse.h;cub/cub.cuh;cstdint;cstring;algorithm;vector
a100/link_analysis/pagerank_f64_seg,a100,link_analysis,pagerank_f64_seg.cu,cpp/src/aai/impl/a100/link_analysis/pagerank_f64_seg.cu,pagerank_f64,seg,345,11481,d8fc6ff12d877796e54a23dec16fffa082cf1682175b1c4e45aa2e90b1313eb6,False,,,False,False,False,True,True,True,True,cugraph/aai/algorithms.hpp;cuda_runtime.h;cusparse.h;cstdint;cstddef;cmath
a100/link_analysis/pagerank_f64_seg_mask,a100,link_analysis,pagerank_f64_seg_mask.cu,cpp/src/aai/impl/a100/link_analysis/pagerank_f64_seg_mask.cu,pagerank_f64,seg_mask,340,10050,eebfc54625566dc792afd87f2612d99d511b00db14237af533d03be72896caea,True,cpp/src/aai/impl/a100/link_analysis/pagerank_f64_seg_mask.cu.flags,--use_fast_math,False,False,False,True,True,True,True,cugraph/aai/algorithms.hpp;cuda_runtime.h;cusparse.h;cub/cub.cuh;cstdint;cstddef;cmath
a100/link_analysis/pagerank_mask,a100,link_analysis,pagerank_mask.cu,cpp/src/aai/impl/a100/link_analysis/pagerank_mask.cu,pagerank,mask,485,16219,85a9c9c95f5d970da37d6ab39e5d1005c77e261bda85bbc99ae2c8bb8fe366de,False,,,False,False,False,True,True,True,True,cugraph/aai/algorithms.hpp;cuda_runtime.h;cusparse.h;cub/block/block_reduce.cuh;cub/device/device_scan.cuh;cstdint
a100/link_analysis/pagerank_p32,a100,link_analysis,pagerank_p32.cu,cpp/src/aai/impl/a100/link_analysis/pagerank_p32.cu,pagerank_p32,base,529,17872,80b81a08af6d0cfc874e58f3ccb2a5e0158c477865a235792d435c63b1051a50,True,cpp/src/aai/impl/a100/link_analysis/pagerank_p32.cu.flags,--use_fast_math,False,False,False,True,True,True,True,cugraph/aai/algorithms.hpp;cuda_runtime.h;cusparse.h;cstdint;cstddef;vector;utility
a100/link_analysis/pagerank_p32_mask,a100,link_analysis,pagerank_p32_mask.cu,cpp/src/aai/impl/a100/link_analysis/pagerank_p32_mask.cu,pagerank_p32,mask,464,15840,656ca2790fe1b183cb3d59d797143c36eeb93447c46119f24119bf458341d58a,True,cpp/src/aai/impl/a100/link_analysis/pagerank_p32_mask.cu.flags,--use_fast_math,False,False,False,True,True,True,True,cugraph/aai/algorithms.hpp;cuda_runtime.h;cub/cub.cuh;cusparse.h;cstdint
a100/link_analysis/pagerank_p32_seg,a100,link_analysis,pagerank_p32_seg.cu,cpp/src/aai/impl/a100/link_analysis/pagerank_p32_seg.cu,pagerank_p32,seg,543,16506,777420747331780e6f99a7ac4047606761cccee92b0b9481af6aea454f6dd24d,True,cpp/src/aai/impl/a100/link_analysis/pagerank_p32_seg.cu.flags,--use_fast_math,False,False,False,True,True,True,False,cugraph/aai/algorithms.hpp;cuda_runtime.h;cub/cub.cuh;cstdint;vector
a100/link_analysis/pagerank_p32_seg_mask,a100,link_analysis,pagerank_p32_seg_mask.cu,cpp/src/aai/impl/a100/link_analysis/pagerank_p32_seg_mask.cu,pagerank_p32,seg_mask,462,13445,e46705dbccdee054a921d19e845d86d935aa76d830c74206564a89ed1d70909b,True,cpp/src/aai/impl/a100/link_analysis/pagerank_p32_seg_mask.cu.flags,--use_fast_math,False,False,False,True,True,True,False,cugraph/aai/algorithms.hpp;cuda_runtime.h;cub/cub.cuh;cstdint;cstddef;vector;cmath
a100/link_analysis/pagerank_seg,a100,link_analysis,pagerank_seg.cu,cpp/src/aai/impl/a100/link_analysis/pagerank_seg.cu,pagerank,seg,376,11927,66d0c67922af28e2285e3968e9a35e3bab0b30fd3acf6e697a54f70eb2f21bbd,True,cpp/src/aai/impl/a100/link_analysis/pagerank_seg.cu.flags,--use_fast_math,False,False,False,True,True,True,False,cugraph/aai/algorithms.hpp;cuda_runtime.h;cub/cub.cuh;cstdint;cstddef;cmath
a100/link_analysis/pagerank_seg_mask,a100,link_analysis,pagerank_seg_mask.cu,cpp/src/aai/impl/a100/link_analysis/pagerank_seg_mask.cu,pagerank,seg_mask,554,16768,a271707c5c83a4bdd7e9f329fed6d239182a04ec6dcb1b2a6612363bd8865ac3,False,,,False,False,False,True,True,True,False,cugraph/aai/algorithms.hpp;cuda_runtime.h;cub/cub.cuh;cstdint;cstring;algorithm
a100/link_prediction/cosine,a100,link_prediction,cosine.cu,cpp/src/aai/impl/a100/link_prediction/cosine.cu,cosine,base,229,6130,b2402fbb15094df81c7a7603e3523509ef2c7d212314bed1e12bbd8f5d51658a,True,cpp/src/aai/impl/a100/link_prediction/cosine.cu.flags,--use_fast_math,False,False,False,False,False,True,False,cugraph/aai/algorithms.hpp;cuda_runtime.h;cstdint
a100/link_prediction/cosine_all_pairs,a100,link_prediction,cosine_all_pairs.cu,cpp/src/aai/impl/a100/link_prediction/cosine_all_pairs.cu,cosine_all_pairs,base,721,22792,dad1c9dd4935560a24ecff19a7fd6e350167391cb587be955b52c47ab1234c2b,True,cpp/src/aai/impl/a100/link_prediction/cosine_all_pairs.cu.flags,--use_fast_math,False,False,False,True,True,True,False,cugraph/aai/algorithms.hpp;cuda_runtime.h;cstdint;optional
a100/link_prediction/cosine_all_pairs_f32,a100,link_prediction,cosine_all_pairs_f32.cu,cpp/src/aai/impl/a100/link_prediction/cosine_all_pairs_f32.cu,cosine_all_pairs_f32,base,528,16660,658c14e9be8b5464b57530d33e65d3abde324f2795c62a4ec67648607fb594a0,True,cpp/src/aai/impl/a100/link_prediction/cosine_all_pairs_f32.cu.flags,--use_fast_math,False,False,False,True,True,True,False,cugraph/aai/algorithms.hpp;cuda_runtime.h;cub/cub.cuh;cstdint;optional
a100/link_prediction/cosine_all_pairs_f32_seg,a100,link_prediction,cosine_all_pairs_f32_seg.cu,cpp/src/aai/impl/a100/link_prediction/cosine_all_pairs_f32_seg.cu,cosine_all_pairs_f32,seg,713,26440,726cdc688fdda69b2349ade93b695dd9673b99cf267d248b34d924ce245612a8,True,cpp/src/aai/impl/a100/link_prediction/cosine_all_pairs_f32_seg.cu.flags,--use_fast_math,False,False,False,False,True,True,False,cugraph/aai/algorithms.hpp;cuda_runtime.h;cub/cub.cuh;cstdint;climits;optional
a100/link_prediction/cosine_all_pairs_f64,a100,link_prediction,cosine_all_pairs_f64.cu,cpp/src/aai/impl/a100/link_prediction/cosine_all_pairs_f64.cu,cosine_all_pairs_f64,base,645,21462,5acf80b4e925499535ae5fffb330a1363f7774acb4db91b1428cfa95b688b108,True,cpp/src/aai/impl/a100/link_prediction/cosine_all_pairs_f64.cu.flags,--use_fast_math,False,False,False,False,True,True,False,cugraph/aai/algorithms.hpp;cuda_runtime.h;cstdint;cmath;optional;thrust/device_ptr.h;thrust/execution_policy.h;thrust/system/cuda/execution_policy.h;thrust/functional.h;thrust/remove.h;thrust/scan.h;thrust/sort.h;thrust/unique.h;thrust/tuple.h
a100/link_prediction/cosine_all_pairs_f64_seg,a100,link_prediction,cosine_all_pairs_f64_seg.cu,cpp/src/aai/impl/a100/link_prediction/cosine_all_pairs_f64_seg.cu,cosine_all_pairs_f64,seg,765,28296,179761568c811a406cc785b2a060c284d6242710e117e614540103d9192f9957,True,cpp/src/aai/impl/a100/link_prediction/cosine_all_pairs_f64_seg.cu.flags,--use_fast_math --extra-device-vectorization,False,False,False,True,True,True,False,cugraph/aai/algorithms.hpp;cuda_runtime.h;cstdint;cstring;optional;vector;thrust/device_ptr.h;thrust/scan.h;thrust/reduce.h;thrust/sort.h;thrust/sequence.h;thrust/execution_policy.h;thrust/iterator/constant_iterator.h
a100/link_prediction/cosine_all_pairs_seg,a100,link_prediction,cosine_all_pairs_seg.cu,cpp/src/aai/impl/a100/link_prediction/cosine_all_pairs_seg.cu,cosine_all_pairs,seg,539,18439,939c7711ee83cf0b21e8918ffc8b6169f6461661c67d151198cb24c25a3ee744,True,cpp/src/aai/impl/a100/link_prediction/cosine_all_pairs_seg.cu.flags,--use_fast_math,False,False,False,True,True,True,False,cugraph/aai/algorithms.hpp;cuda_runtime.h;cub/cub.cuh;cstdint;algorithm
a100/link_prediction/cosine_f32,a100,link_prediction,cosine_f32.cu,cpp/src/aai/impl/a100/link_prediction/cosine_f32.cu,cosine_f32,base,167,4600,54a8923b59525e48007be84450e59538ae5d6e40a845470eb402cedde1f3b7ea,True,cpp/src/aai/impl/a100/link_prediction/cosine_f32.cu.flags,--use_fast_math,False,False,False,False,True,True,False,cugraph/aai/algorithms.hpp;cuda_runtime.h;cstdint;math_constants.h
a100/link_prediction/cosine_f32_seg,a100,link_prediction,cosine_f32_seg.cu,cpp/src/aai/impl/a100/link_prediction/cosine_f32_seg.cu,cosine_f32,seg,145,4174,c908f44eb4846a287272c418be23367fa69d54878520e21b3eb32bbe9521ed4e,True,cpp/src/aai/impl/a100/link_prediction/cosine_f32_seg.cu.flags,--use_fast_math,False,False,False,False,True,True,False,cugraph/aai/algorithms.hpp;cuda_runtime.h;cstdint;math_constants.h
a100/link_prediction/cosine_f64,a100,link_prediction,cosine_f64.cu,cpp/src/aai/impl/a100/link_prediction/cosine_f64.cu,cosine_f64,base,146,4453,433d9b7427a82f190b78bba46b83763065abbe1ebf119f545ae6fc1c29903624,False,,,False,False,False,False,True,True,False,cugraph/aai/algorithms.hpp;cuda_runtime.h;cstdint;math.h
a100/link_prediction/cosine_f64_seg,a100,link_prediction,cosine_f64_seg.cu,cpp/src/aai/impl/a100/link_prediction/cosine_f64_seg.cu,cosine_f64,seg,206,5667,256ffd46764983cc048deca7ec0f2e77e22b942b213a5c522ec5d3065927d254,True,cpp/src/aai/impl/a100/link_prediction/cosine_f64_seg.cu.flags,--use_fast_math,False,False,False,False,False,True,False,cugraph/aai/algorithms.hpp;cuda_runtime.h;cstdint;math.h
a100/link_prediction/cosine_seg,a100,link_prediction,cosine_seg.cu,cpp/src/aai/impl/a100/link_prediction/cosine_seg.cu,cosine,seg,125,3428,49d92a5fcfd689be654fc369150103486e546bb867f922974e8a370bc244fc7f,True,cpp/src/aai/impl/a100/link_prediction/cosine_seg.cu.flags,--use_fast_math,False,False,False,False,False,True,False,cugraph/aai/algorithms.hpp;cuda_runtime.h;cstdint
a100/link_prediction/jaccard,a100,link_prediction,jaccard.cu,cpp/src/aai/impl/a100/link_prediction/jaccard.cu,jaccard,base,350,9968,1f4d433a3ea4bcc678dc4f687bcb8a8c5b86fe4b73b6e82dc8ebb696c3ea47f0,True,cpp/src/aai/impl/a100/link_prediction/jaccard.cu.flags,--use_fast_math,False,False,False,False,False,True,False,cugraph/aai/algorithms.hpp;cuda_runtime.h;cuda_pipeline_primitives.h;cstdint
a100/link_prediction/jaccard_all_pairs,a100,link_prediction,jaccard_all_pairs.cu,cpp/src/aai/impl/a100/link_prediction/jaccard_all_pairs.cu,jaccard_all_pairs,base,428,14746,919914e4a78f36581a7cf5af76dad530d56de65c253a1b4f39357e96c23dec0d,True,cpp/src/aai/impl/a100/link_prediction/jaccard_all_pairs.cu.flags,--use_fast_math,False,False,False,True,True,True,False,cugraph/aai/algorithms.hpp;cuda_runtime.h;cub/cub.cuh;cstdint;optional
a100/link_prediction/jaccard_all_pairs_f32,a100,link_prediction,jaccard_all_pairs_f32.cu,cpp/src/aai/impl/a100/link_prediction/jaccard_all_pairs_f32.cu,jaccard_all_pairs_f32,base,611,19816,227e14c522824279dbdbbf205f8e1212c564186ea321c4c2b7d52c7d9238153a,True,cpp/src/aai/impl/a100/link_prediction/jaccard_all_pairs_f32.cu.flags,--use_fast_math,False,False,False,True,True,True,False,cugraph/aai/algorithms.hpp;cuda_runtime.h;cub/cub.cuh;cstdint;vector
a100/link_prediction/jaccard_all_pairs_f32_seg,a100,link_prediction,jaccard_all_pairs_f32_seg.cu,cpp/src/aai/impl/a100/link_prediction/jaccard_all_pairs_f32_seg.cu,jaccard_all_pairs_f32,seg,465,15223,5f59268df7c790ed66cf0b8ad1c0acbacda27eab92fb71da2d2482f9ee4d1213,True,cpp/src/aai/impl/a100/link_prediction/jaccard_all_pairs_f32_seg.cu.flags,--use_fast_math,False,False,False,False,True,True,False,cugraph/aai/algorithms.hpp;cuda_runtime.h;cstdint;cub/cub.cuh;thrust/sort.h;thrust/unique.h;thrust/execution_policy.h;thrust/device_ptr.h;thrust/scan.h;thrust/sequence.h;thrust/functional.h;thrust/iterator/zip_iterator.h;thrust/tuple.h;optional
a100/link_prediction/jaccard_all_pairs_f64,a100,link_prediction,jaccard_all_pairs_f64.cu,cpp/src/aai/impl/a100/link_prediction/jaccard_all_pairs_f64.cu,jaccard_all_pairs_f64,base,633,19985,58e7fc07654944a822a91263c7f827f871b23610003329928c045f0320cf936a,False,,,False,False,False,True,True,True,False,cugraph/aai/algorithms.hpp;cuda_runtime.h;cstdint;cstddef;optional;vector;algorithm;thrust/sort.h;thrust/device_ptr.h;thrust/iterator/zip_iterator.h;thrust/tuple.h;thrust/functional.h
a100/link_prediction/jaccard_all_pairs_f64_seg,a100,link_prediction,jaccard_all_pairs_f64_seg.cu,cpp/src/aai/impl/a100/link_prediction/jaccard_all_pairs_f64_seg.cu,jaccard_all_pairs_f64,seg,612,18374,1ff7e93b35e88f4268b9138d76f151ca7de7eb04725420edfa4879b5ad3a3062,True,cpp/src/aai/impl/a100/link_prediction/jaccard_all_pairs_f64_seg.cu.flags,--use_fast_math --maxrregcount=56,False,False,False,True,True,True,False,cugraph/aai/algorithms.hpp;cuda_runtime.h;cub/cub.cuh;cstdint
a100/link_prediction/jaccard_all_pairs_seg,a100,link_prediction,jaccard_all_pairs_seg.cu,cpp/src/aai/impl/a100/link_prediction/jaccard_all_pairs_seg.cu,jaccard_all_pairs,seg,638,19134,ad0be9961d705ad9fd84889642a21fde87b8c9bbeeb49d89512a509f3f6c7702,True,cpp/src/aai/impl/a100/link_prediction/jaccard_all_pairs_seg.cu.flags,--use_fast_math,False,False,False,True,True,True,False,cugraph/aai/algorithms.hpp;cuda_runtime.h;cub/cub.cuh;cstdint;algorithm;vector
a100/link_prediction/jaccard_f32,a100,link_prediction,jaccard_f32.cu,cpp/src/aai/impl/a100/link_prediction/jaccard_f32.cu,jaccard_f32,base,277,7476,47e85d6021f86c205c5944c447777f7d5e7b78a35b3c21c07f79a5b6b5e53d79,True,cpp/src/aai/impl/a100/link_prediction/jaccard_f32.cu.flags,--use_fast_math,False,False,False,False,True,True,False,cugraph/aai/algorithms.hpp;cuda_runtime.h;cstdint;cstddef
a100/link_prediction/jaccard_f32_seg,a100,link_prediction,jaccard_f32_seg.cu,cpp/src/aai/impl/a100/link_prediction/jaccard_f32_seg.cu,jaccard_f32,seg,278,8285,8901893c290bce314a9fe1b696a5c98befd09c08174edfcfd8b216fddb2e6297,True,cpp/src/aai/impl/a100/link_prediction/jaccard_f32_seg.cu.flags,--use_fast_math,False,False,False,False,True,True,False,cugraph/aai/algorithms.hpp;cuda_runtime.h;cstdint
a100/link_prediction/jaccard_f64,a100,link_prediction,jaccard_f64.cu,cpp/src/aai/impl/a100/link_prediction/jaccard_f64.cu,jaccard_f64,base,170,5479,81cfafd125fd0aa50b98df10058a8e016dc8a5cf63f8d12a90e94d079afee2fb,True,cpp/src/aai/impl/a100/link_prediction/jaccard_f64.cu.flags,--use_fast_math,False,False,False,False,False,True,False,cugraph/aai/algorithms.hpp;cuda_runtime.h;cstdint
a100/link_prediction/jaccard_f64_seg,a100,link_prediction,jaccard_f64_seg.cu,cpp/src/aai/impl/a100/link_prediction/jaccard_f64_seg.cu,jaccard_f64,seg,237,7511,792d5aa3b18fd372fecab5834a3a2ec30ee4e525bf4cdf54080a1e9d9e783796,True,cpp/src/aai/impl/a100/link_prediction/jaccard_f64_seg.cu.flags,--use_fast_math,False,False,False,False,True,True,False,cugraph/aai/algorithms.hpp;cuda_runtime.h;cstdint
a100/link_prediction/jaccard_seg,a100,link_prediction,jaccard_seg.cu,cpp/src/aai/impl/a100/link_prediction/jaccard_seg.cu,jaccard,seg,301,8855,8ae2eaa16a5b0cf40bb3caf7491526433f56761f33fdc427915165c2d4448f02,True,cpp/src/aai/impl/a100/link_prediction/jaccard_seg.cu.flags,--use_fast_math,False,False,False,False,True,True,False,cugraph/aai/algorithms.hpp;cuda_runtime.h;cstdint
a100/link_prediction/overlap,a100,link_prediction,overlap.cu,cpp/src/aai/impl/a100/link_prediction/overlap.cu,overlap,base,303,8141,2cc8356982cd08315a45de2d1f726e4acc362bb7a6cc45dec31fd30681fb13c7,True,cpp/src/aai/impl/a100/link_prediction/overlap.cu.flags,--use_fast_math,False,False,False,False,True,True,False,cugraph/aai/algorithms.hpp;cuda_runtime.h;cstdint
a100/link_prediction/overlap_all_pairs,a100,link_prediction,overlap_all_pairs.cu,cpp/src/aai/impl/a100/link_prediction/overlap_all_pairs.cu,overlap_all_pairs,base,420,13949,6dc5ee8218db02e2d89c099bed6edbe3acfee64607f2179b3defff518d600925,True,cpp/src/aai/impl/a100/link_prediction/overlap_all_pairs.cu.flags,--use_fast_math,False,False,False,False,True,True,False,cugraph/aai/algorithms.hpp;cuda_runtime.h;thrust/device_ptr.h;thrust/sort.h;thrust/unique.h;thrust/remove.h;thrust/sequence.h;thrust/gather.h;thrust/execution_policy.h;cub/cub.cuh;cstdint
a100/link_prediction/overlap_all_pairs_f32,a100,link_prediction,overlap_all_pairs_f32.cu,cpp/src/aai/impl/a100/link_prediction/overlap_all_pairs_f32.cu,overlap_all_pairs_f32,base,617,22881,e354a0e4fd1b8b1c32e48b5b35cac6057510ae9e8a4edcccad9877c66078129a,True,cpp/src/aai/impl/a100/link_prediction/overlap_all_pairs_f32.cu.flags,--use_fast_math,False,False,False,True,True,True,False,cugraph/aai/algorithms.hpp;cuda_runtime.h;cub/cub.cuh;cstdint
a100/link_prediction/overlap_all_pairs_f32_seg,a100,link_prediction,overlap_all_pairs_f32_seg.cu,cpp/src/aai/impl/a100/link_prediction/overlap_all_pairs_f32_seg.cu,overlap_all_pairs_f32,seg,449,15143,28b8c3500d7b00533174658ff4dc870889596d1c63bb190cafd3e8400660e48c,True,cpp/src/aai/impl/a100/link_prediction/overlap_all_pairs_f32_seg.cu.flags,--use_fast_math,False,False,False,False,True,True,False,cugraph/aai/algorithms.hpp;cuda_runtime.h;cstdint;cub/cub.cuh;thrust/sort.h;thrust/device_ptr.h;thrust/execution_policy.h;thrust/sequence.h;cfloat;algorithm;vector
a100/link_prediction/overlap_all_pairs_f64,a100,link_prediction,overlap_all_pairs_f64.cu,cpp/src/aai/impl/a100/link_prediction/overlap_all_pairs_f64.cu,overlap_all_pairs_f64,base,507,17107,892cacabd8046fd81a24a2b6c480746ecafaae30f19160c76445b6e696b43a79,False,,,False,False,False,True,True,True,False,cugraph/aai/algorithms.hpp;cuda_runtime.h;cub/block/block_reduce.cuh;thrust/device_ptr.h;thrust/execution_policy.h;thrust/for_each.h;thrust/functional.h;thrust/iterator/counting_iterator.h;thrust/iterator/zip_iterator.h;thrust/remove.h;thrust/scan.h;thrust/sort.h;thrust/tuple.h;thrust/unique.h;cfloat;cstdint;optional
a100/link_prediction/overlap_all_pairs_f64_seg,a100,link_prediction,overlap_all_pairs_f64_seg.cu,cpp/src/aai/impl/a100/link_prediction/overlap_all_pairs_f64_seg.cu,overlap_all_pairs_f64,seg,470,14693,d16f6850f71447956523c3930fe0d45e6348b93545edd37c9e2e990dca8e44b0,True,cpp/src/aai/impl/a100/link_prediction/overlap_all_pairs_f64_seg.cu.flags,--use_fast_math,False,False,False,True,True,True,False,cugraph/aai/algorithms.hpp;cuda_runtime.h;cstdint;cub/cub.cuh;optional
a100/link_prediction/overlap_all_pairs_seg,a100,link_prediction,overlap_all_pairs_seg.cu,cpp/src/aai/impl/a100/link_prediction/overlap_all_pairs_seg.cu,overlap_all_pairs,seg,655,25946,408ed01ef228d236d02e82afede240bb4cac04e7480fe059d1d6b2232b419060,True,cpp/src/aai/impl/a100/link_prediction/overlap_all_pairs_seg.cu.flags,--use_fast_math,False,False,False,True,True,True,False,cugraph/aai/algorithms.hpp;cuda_runtime.h;cub/cub.cuh;cstdint;optional
a100/link_prediction/overlap_f32,a100,link_prediction,overlap_f32.cu,cpp/src/aai/impl/a100/link_prediction/overlap_f32.cu,overlap_f32,base,192,5379,bea0e741351c9c0ef8edd9c6b8ecd68714b52f0ad9faf4e4a07eec408a64d9b8,True,cpp/src/aai/impl/a100/link_prediction/overlap_f32.cu.flags,--use_fast_math,False,False,False,False,True,True,False,cugraph/aai/algorithms.hpp;cuda_runtime.h;cstdint
a100/link_prediction/overlap_f32_seg,a100,link_prediction,overlap_f32_seg.cu,cpp/src/aai/impl/a100/link_prediction/overlap_f32_seg.cu,overlap_f32,seg,210,5874,7e50773bc898725de384e68d995fb4757d994b2213ec4c6412b23304edc12982,True,cpp/src/aai/impl/a100/link_prediction/overlap_f32_seg.cu.flags,--use_fast_math,False,False,False,False,True,True,False,cugraph/aai/algorithms.hpp;cuda_runtime.h;cstdint
a100/link_prediction/overlap_f64,a100,link_prediction,overlap_f64.cu,cpp/src/aai/impl/a100/link_prediction/overlap_f64.cu,overlap_f64,base,237,6977,972679ade057ed783e114125c0fa889a6416d38cb97cd211ed0c2f0f58179e9c,False,,,False,False,False,False,True,True,False,cugraph/aai/algorithms.hpp;cuda_runtime.h;cstdint
a100/link_prediction/overlap_f64_seg,a100,link_prediction,overlap_f64_seg.cu,cpp/src/aai/impl/a100/link_prediction/overlap_f64_seg.cu,overlap_f64,seg,204,6039,18a332cb881f6a2e54ed92f8d324a9ca0cfb84dcd76b897fb5091f49d2a477ee,True,cpp/src/aai/impl/a100/link_prediction/overlap_f64_seg.cu.flags,--use_fast_math,False,False,False,False,True,True,False,cugraph/aai/algorithms.hpp;cuda_runtime.h;cstdint;cstddef
a100/link_prediction/overlap_seg,a100,link_prediction,overlap_seg.cu,cpp/src/aai/impl/a100/link_prediction/overlap_seg.cu,overlap,seg,339,9310,7dad7015afcb14ce9e14b8328507a0ee062b7e59b165ae46952ba92d8e9105c6,True,cpp/src/aai/impl/a100/link_prediction/overlap_seg.cu.flags,--use_fast_math,False,False,False,False,True,True,False,cugraph/aai/algorithms.hpp;cuda_runtime.h;cstdint
a100/link_prediction/sorensen,a100,link_prediction,sorensen.cu,cpp/src/aai/impl/a100/link_prediction/sorensen.cu,sorensen,base,228,6198,3f37097e47207a87ec1de5f111724d6acc07db9810f42c2d7ce7cc8c538dd71f,True,cpp/src/aai/impl/a100/link_prediction/sorensen.cu.flags,--use_fast_math,False,False,False,False,True,True,False,cugraph/aai/algorithms.hpp;cuda_runtime.h;cstdint
a100/link_prediction/sorensen_all_pairs,a100,link_prediction,sorensen_all_pairs.cu,cpp/src/aai/impl/a100/link_prediction/sorensen_all_pairs.cu,sorensen_all_pairs,base,645,25093,132c2f2bff5a48b463909b95da6bb8f08b8f84033010413effc79cbc0528a35a,True,cpp/src/aai/impl/a100/link_prediction/sorensen_all_pairs.cu.flags,--use_fast_math,False,False,False,True,True,True,False,cugraph/aai/algorithms.hpp;cuda_runtime.h;cub/cub.cuh;cstdint;climits;algorithm;optional
a100/link_prediction/sorensen_all_pairs_f32,a100,link_prediction,sorensen_all_pairs_f32.cu,cpp/src/aai/impl/a100/link_prediction/sorensen_all_pairs_f32.cu,sorensen_all_pairs_f32,base,453,13784,c1ca36ff76e46509a96ccc846d87095f6e668b13a081dfd09516ebd5495a6fa5,True,cpp/src/aai/impl/a100/link_prediction/sorensen_all_pairs_f32.cu.flags,--use_fast_math,False,False,False,False,True,True,False,cugraph/aai/algorithms.hpp;cuda_runtime.h;cub/cub.cuh;thrust/sort.h;thrust/execution_policy.h;thrust/device_ptr.h;thrust/iterator/zip_iterator.h;thrust/tuple.h;thrust/functional.h;thrust/transform.h;thrust/unique.h;cstdint;climits;algorithm
a100/link_prediction/sorensen_all_pairs_f32_seg,a100,link_prediction,sorensen_all_pairs_f32_seg.cu,cpp/src/aai/impl/a100/link_prediction/sorensen_all_pairs_f32_seg.cu,sorensen_all_pairs_f32,seg,589,18161,f7218ebc03730fcdea6a264a6c1313c0d7c409e6e365424c4dd1ff41c26e19b7,True,cpp/src/aai/impl/a100/link_prediction/sorensen_all_pairs_f32_seg.cu.flags,--use_fast_math --maxrregcount=64,False,False,False,True,True,True,False,cugraph/aai/algorithms.hpp;cuda_runtime.h;cub/cub.cuh;thrust/scan.h;thrust/device_ptr.h;thrust/execution_policy.h;cstdint;algorithm;optional
a100/link_prediction/sorensen_all_pairs_f64,a100,link_prediction,sorensen_all_pairs_f64.cu,cpp/src/aai/impl/a100/link_prediction/sorensen_all_pairs_f64.cu,sorensen_all_pairs_f64,base,442,13422,a086b3eafb9745018abefcf622c9261593164660c6688a1365442d55058e6109,True,cpp/src/aai/impl/a100/link_prediction/sorensen_all_pairs_f64.cu.flags,--use_fast_math,False,False,False,True,True,True,False,cugraph/aai/algorithms.hpp;cuda_runtime.h;cub/cub.cuh;thrust/sort.h;thrust/device_ptr.h;thrust/execution_policy.h;thrust/functional.h;thrust/gather.h;cstdint;climits;algorithm;optional;vector
a100/link_prediction/sorensen_all_pairs_f64_seg,a100,link_prediction,sorensen_all_pairs_f64_seg.cu,cpp/src/aai/impl/a100/link_prediction/sorensen_all_pairs_f64_seg.cu,sorensen_all_pairs_f64,seg,648,20991,b5e609472ecc27d531659beed15808bc08bb0eb8d0e354b618728a26c6819ebf,True,cpp/src/aai/impl/a100/link_prediction/sorensen_all_pairs_f64_seg.cu.flags,--use_fast_math,False,False,False,False,True,True,False,cugraph/aai/algorithms.hpp;cuda_runtime.h;cub/cub.cuh;cstdint;optional
a100/link_prediction/sorensen_all_pairs_seg,a100,link_prediction,sorensen_all_pairs_seg.cu,cpp/src/aai/impl/a100/link_prediction/sorensen_all_pairs_seg.cu,sorensen_all_pairs,seg,476,15776,c889157e24b843cd98e9fe61208931230ee318283ec7ac40dec9fc9d30732eec,True,cpp/src/aai/impl/a100/link_prediction/sorensen_all_pairs_seg.cu.flags,--use_fast_math,False,False,False,True,True,True,False,cugraph/aai/algorithms.hpp;cuda_runtime.h;cub/cub.cuh;cstdint;climits;algorithm
a100/link_prediction/sorensen_f32,a100,link_prediction,sorensen_f32.cu,cpp/src/aai/impl/a100/link_prediction/sorensen_f32.cu,sorensen_f32,base,185,5661,eddb0e21269b2340384d0ed93fca9e941dd5a3ad77287e5525e1811cebe30d61,True,cpp/src/aai/impl/a100/link_prediction/sorensen_f32.cu.flags,--use_fast_math,False,False,False,False,True,True,False,cugraph/aai/algorithms.hpp;cuda_runtime.h;cstdint;climits
a100/link_prediction/sorensen_f32_seg,a100,link_prediction,sorensen_f32_seg.cu,cpp/src/aai/impl/a100/link_prediction/sorensen_f32_seg.cu,sorensen_f32,seg,221,7463,e8e26d4678e9fb703547c9f58ddf96a65b36fbc653fdc0bce3b5a33d203feb81,True,cpp/src/aai/impl/a100/link_prediction/sorensen_f32_seg.cu.flags,--use_fast_math,False,False,False,False,True,True,False,cugraph/aai/algorithms.hpp;cuda_runtime.h;cstdint;climits
a100/link_prediction/sorensen_f64,a100,link_prediction,sorensen_f64.cu,cpp/src/aai/impl/a100/link_prediction/sorensen_f64.cu,sorensen_f64,base,164,4723,e8a8fc05c72fbf872ec5668ffb96ed51654ff6d7bd5f1d99733684fb99537463,True,cpp/src/aai/impl/a100/link_prediction/sorensen_f64.cu.flags,--use_fast_math,False,False,False,False,True,True,False,cugraph/aai/algorithms.hpp;cuda_runtime.h;cstdint;cstddef
a100/link_prediction/sorensen_f64_seg,a100,link_prediction,sorensen_f64_seg.cu,cpp/src/aai/impl/a100/link_prediction/sorensen_f64_seg.cu,sorensen_f64,seg,170,4758,ef8f9cc9d467367668909824f5728b2f8f635c4573b232e31d5f753e11f7e6d0,True,cpp/src/aai/impl/a100/link_prediction/sorensen_f64_seg.cu.flags,--use_fast_math,False,False,False,False,True,True,False,cugraph/aai/algorithms.hpp;cuda_runtime.h;cstdint;climits
a100/link_prediction/sorensen_seg,a100,link_prediction,sorensen_seg.cu,cpp/src/aai/impl/a100/link_prediction/sorensen_seg.cu,sorensen,seg,266,7290,f1a154256a9b4903864da26ca8e9d64e87f4e3a75b172f528619695eb344f413,True,cpp/src/aai/impl/a100/link_prediction/sorensen_seg.cu.flags,--use_fast_math,False,False,False,False,False,True,False,cugraph/aai/algorithms.hpp;cuda_runtime.h;cstdint;climits
a100/traversal/bfs,a100,traversal,bfs.cu,cpp/src/aai/impl/a100/traversal/bfs.cu,bfs,base,459,17198,11f325de9b97998bcbc2fb565bf9a83cbb6f00427bb175c442b40b510689ecc5,True,cpp/src/aai/impl/a100/traversal/bfs.cu.flags,--use_fast_math,False,False,False,True,True,True,False,cugraph/aai/algorithms.hpp;cuda_runtime.h;cstdint;limits
a100/traversal/bfs_direction_optimizing,a100,traversal,bfs_direction_optimizing.cu,cpp/src/aai/impl/a100/traversal/bfs_direction_optimizing.cu,bfs_direction_optimizing,base,483,16530,be1e563f61599c4830153bdc15c3cced3ec07f67659c60dbbbdaa1d1e1af888a,True,cpp/src/aai/impl/a100/traversal/bfs_direction_optimizing.cu.flags,--use_fast_math,False,False,False,True,True,True,False,cugraph/aai/algorithms.hpp;cuda_runtime.h;cstdint;climits;cub/cub.cuh
a100/traversal/bfs_direction_optimizing_mask,a100,traversal,bfs_direction_optimizing_mask.cu,cpp/src/aai/impl/a100/traversal/bfs_direction_optimizing_mask.cu,bfs_direction_optimizing,mask,417,15231,511ae6239c120f10cb0f84446dbf501a9c300edcddf98d8b12bcb81740d6d358,True,cpp/src/aai/impl/a100/traversal/bfs_direction_optimizing_mask.cu.flags,--use_fast_math,False,False,False,True,True,True,False,cugraph/aai/algorithms.hpp;cuda_runtime.h;cstdint;climits
a100/traversal/bfs_direction_optimizing_seg,a100,traversal,bfs_direction_optimizing_seg.cu,cpp/src/aai/impl/a100/traversal/bfs_direction_optimizing_seg.cu,bfs_direction_optimizing,seg,373,13069,3fe44fc57babffbd0c2e1be3c50100b44543ee774be1edd5c94d39afa46d8072,True,cpp/src/aai/impl/a100/traversal/bfs_direction_optimizing_seg.cu.flags,--use_fast_math,False,False,False,True,True,True,False,cugraph/aai/algorithms.hpp;cuda_runtime.h;cstdint;algorithm;limits
a100/traversal/bfs_direction_optimizing_seg_mask,a100,traversal,bfs_direction_optimizing_seg_mask.cu,cpp/src/aai/impl/a100/traversal/bfs_direction_optimizing_seg_mask.cu,bfs_direction_optimizing,seg_mask,413,13150,c59152ee5b0a77c6f32464d22bbf118f425a2e8aab1788190d2f3cb971ca3409,True,cpp/src/aai/impl/a100/traversal/bfs_direction_optimizing_seg_mask.cu.flags,--use_fast_math,False,False,False,True,True,True,False,cugraph/aai/algorithms.hpp;cuda_runtime.h;cstdint;limits;algorithm
a100/traversal/bfs_mask,a100,traversal,bfs_mask.cu,cpp/src/aai/impl/a100/traversal/bfs_mask.cu,bfs,mask,460,15040,1ced81756c349e2af3067775e0a03de6ba0488e139fd1474fdbd00bf99c5a84c,True,cpp/src/aai/impl/a100/traversal/bfs_mask.cu.flags,--use_fast_math --rdc=true,True,True,True,True,True,True,False,cugraph/aai/algorithms.hpp;cuda_runtime.h;cooperative_groups.h;cstdint
a100/traversal/bfs_seg,a100,traversal,bfs_seg.cu,cpp/src/aai/impl/a100/traversal/bfs_seg.cu,bfs,seg,199,5648,85df7ed06b2fed851672a4cea5a7f04fac31128a00a430e6f1fc046f74036585,True,cpp/src/aai/impl/a100/traversal/bfs_seg.cu.flags,--use_fast_math,False,False,False,True,True,True,False,cugraph/aai/algorithms.hpp;cuda_runtime.h;cstdint;limits
a100/traversal/bfs_seg_mask,a100,traversal,bfs_seg_mask.cu,cpp/src/aai/impl/a100/traversal/bfs_seg_mask.cu,bfs,seg_mask,469,15670,42d241fc156c78b722ebcbaa35cf376a297866bf35a39e3c035ef8358c0beacf,True,cpp/src/aai/impl/a100/traversal/bfs_seg_mask.cu.flags,--use_fast_math,False,False,False,True,True,True,False,cugraph/aai/algorithms.hpp;cuda_runtime.h;cstdint;climits;algorithm
a100/traversal/k_hop_nbrs,a100,traversal,k_hop_nbrs.cu,cpp/src/aai/impl/a100/traversal/k_hop_nbrs.cu,k_hop_nbrs,base,359,10659,f1e4bfff609fb4f0805400a55c273c0b3a651186cf250c01d5d8a8b8c0b963c5,True,cpp/src/aai/impl/a100/traversal/k_hop_nbrs.cu.flags,--use_fast_math,False,False,False,False,True,True,False,cugraph/aai/algorithms.hpp;cuda_runtime.h;cub/cub.cuh;cstdint;cstddef
a100/traversal/k_hop_nbrs_mask,a100,traversal,k_hop_nbrs_mask.cu,cpp/src/aai/impl/a100/traversal/k_hop_nbrs_mask.cu,k_hop_nbrs,mask,354,12258,5e15e967c7ac73c202f8e17a633be45d3a0d80c68022e3ab1796ec951c3e3d6c,True,cpp/src/aai/impl/a100/traversal/k_hop_nbrs_mask.cu.flags,--use_fast_math,False,False,False,True,True,True,False,cugraph/aai/algorithms.hpp;cuda_runtime.h;cstdint;algorithm;vector
a100/traversal/k_hop_nbrs_seg,a100,traversal,k_hop_nbrs_seg.cu,cpp/src/aai/impl/a100/traversal/k_hop_nbrs_seg.cu,k_hop_nbrs,seg,851,29991,10d091f8483e5dfa825a5093c6c6b3a95f3337ed4d4f52268ed49bfbc2ef80b0,True,cpp/src/aai/impl/a100/traversal/k_hop_nbrs_seg.cu.flags,--use_fast_math,False,False,False,True,True,True,False,cugraph/aai/algorithms.hpp;cuda_runtime.h;cub/cub.cuh;cstdint
a100/traversal/k_hop_nbrs_seg_mask,a100,traversal,k_hop_nbrs_seg_mask.cu,cpp/src/aai/impl/a100/traversal/k_hop_nbrs_seg_mask.cu,k_hop_nbrs,seg_mask,519,17902,003b9e58533cb51835c2481c5aad8c5c8c6cdb80149017949a7d4312186f5c99,True,cpp/src/aai/impl/a100/traversal/k_hop_nbrs_seg_mask.cu.flags,--use_fast_math,False,False,False,False,True,True,False,cugraph/aai/algorithms.hpp;cuda_runtime.h;cub/cub.cuh;cstdint;cstddef;algorithm
a100/traversal/sssp_f32,a100,traversal,sssp_f32.cu,cpp/src/aai/impl/a100/traversal/sssp_f32.cu,sssp_f32,base,306,9825,33abda7cb122fec13bffbd7d3e1e258bf1a711b04f46eece86c91c95b096cb3a,True,cpp/src/aai/impl/a100/traversal/sssp_f32.cu.flags,--use_fast_math,False,False,False,True,True,True,False,cugraph/aai/algorithms.hpp;cuda_runtime.h;cstdint;cmath;limits;float.h
a100/traversal/sssp_f32_mask,a100,traversal,sssp_f32_mask.cu,cpp/src/aai/impl/a100/traversal/sssp_f32_mask.cu,sssp_f32,mask,368,12790,f07d276435d2c32cda0b3a30ed9fcac6e4151a60c113881b1c1e13c982916f40,True,cpp/src/aai/impl/a100/traversal/sssp_f32_mask.cu.flags,--use_fast_math,False,False,False,True,True,True,False,cugraph/aai/algorithms.hpp;cuda_runtime.h;math_constants.h;cstdint;cmath;cstring;algorithm;limits
a100/traversal/sssp_f32_seg,a100,traversal,sssp_f32_seg.cu,cpp/src/aai/impl/a100/traversal/sssp_f32_seg.cu,sssp_f32,seg,289,9138,90d6fd23ccfa2df9b55d122dd4acc620fe1b3acc37286ae5d11ff4259c944a82,True,cpp/src/aai/impl/a100/traversal/sssp_f32_seg.cu.flags,--use_fast_math,False,False,False,True,True,True,False,cugraph/aai/algorithms.hpp;cuda_runtime.h;cstdint;cfloat;cmath
a100/traversal/sssp_f32_seg_mask,a100,traversal,sssp_f32_seg_mask.cu,cpp/src/aai/impl/a100/traversal/sssp_f32_seg_mask.cu,sssp_f32,seg_mask,318,10597,a8a48c6c54bfad004aac5148efbf2e3f2d85d975787311dae5f0c8c5c88a7187,True,cpp/src/aai/impl/a100/traversal/sssp_f32_seg_mask.cu.flags,--use_fast_math,False,False,False,True,True,True,False,cugraph/aai/algorithms.hpp;cuda_runtime.h;cstdint;algorithm
a100/traversal/sssp_f64,a100,traversal,sssp_f64.cu,cpp/src/aai/impl/a100/traversal/sssp_f64.cu,sssp_f64,base,326,10896,ac5de0e21b73eb778c2e14f12a7b22ad0512910a1e4bb6b850c57b494a747cd6,False,,,False,False,False,True,True,True,False,cugraph/aai/algorithms.hpp;cuda_runtime.h;cfloat;cstdint
a100/traversal/sssp_f64_mask,a100,traversal,sssp_f64_mask.cu,cpp/src/aai/impl/a100/traversal/sssp_f64_mask.cu,sssp_f64,mask,331,9418,d6f200302a95bc0670dbefd21f21517ae5c380cc029bbac669934376f17cc947,False,,,False,False,False,True,True,True,False,cugraph/aai/algorithms.hpp;cuda_runtime.h;cstdint;cfloat
a100/traversal/sssp_f64_seg,a100,traversal,sssp_f64_seg.cu,cpp/src/aai/impl/a100/traversal/sssp_f64_seg.cu,sssp_f64,seg,381,12983,0cc13ba5464598b0886c7a909b165b4f96842b45b41f87b0869c753db4eac032,True,cpp/src/aai/impl/a100/traversal/sssp_f64_seg.cu.flags,--use_fast_math,False,False,False,True,True,True,False,cugraph/aai/algorithms.hpp;cuda_runtime.h;cstdint;cfloat
a100/traversal/sssp_f64_seg_mask,a100,traversal,sssp_f64_seg_mask.cu,cpp/src/aai/impl/a100/traversal/sssp_f64_seg_mask.cu,sssp_f64,seg_mask,330,10597,fb29f44f0aa3421a6c8bbc1b5ef2c6afc3ada29ed127889459fd6b1d8912e3e6,False,,,False,False,False,True,True,True,False,cugraph/aai/algorithms.hpp;cuda_runtime.h;cstdint;float.h
a100/tree/mst_f32,a100,tree,mst_f32.cu,cpp/src/aai/impl/a100/tree/mst_f32.cu,mst_f32,base,302,10285,568d8c4cab60f7e9e92b96c5e5135fced90f0a28a40cb64bd648aa2b21a21c86,True,cpp/src/aai/impl/a100/tree/mst_f32.cu.flags,--use_fast_math,False,False,False,True,True,True,False,cugraph/aai/algorithms.hpp;cuda_runtime.h;cstdint;cstddef
a100/tree/mst_f32_seg,a100,tree,mst_f32_seg.cu,cpp/src/aai/impl/a100/tree/mst_f32_seg.cu,mst_f32,seg,399,12849,df9ce430c68fb198b769e20bb3e6d226737d0775653aa4ab16a33cf30139d4c0,True,cpp/src/aai/impl/a100/tree/mst_f32_seg.cu.flags,--use_fast_math,False,False,False,True,True,True,False,cugraph/aai/algorithms.hpp;cuda_runtime.h;cstdint;cstddef
a100/tree/mst_f64,a100,tree,mst_f64.cu,cpp/src/aai/impl/a100/tree/mst_f64.cu,mst_f64,base,385,12791,f986963628da114c61a43e5bfea1976abfbbed8bd8693df158bc1129f0673400,True,cpp/src/aai/impl/a100/tree/mst_f64.cu.flags,--use_fast_math,False,False,False,True,True,True,False,cugraph/aai/algorithms.hpp;cuda_runtime.h;cstdint;climits;cstddef;math_constants.h
a100/tree/mst_f64_seg,a100,tree,mst_f64_seg.cu,cpp/src/aai/impl/a100/tree/mst_f64_seg.cu,mst_f64,seg,376,12615,77a0cbd6173c8222b387b03e52fbc3c50235f8760f74d1890f19b67993a3bd1d,True,cpp/src/aai/impl/a100/tree/mst_f64_seg.cu.flags,--use_fast_math,False,False,False,True,True,True,False,cugraph/aai/algorithms.hpp;cuda_runtime.h;cstdint;cstddef
